"개방자치단체코드","관리번호","인허가일자","인허가취소일자","영업상태코드","영업상태명","상세영업상태코드","상세영업상태명","폐업일자","휴업시작일자","휴업종료일자","재개업일자","전화번호","소재지면적","소재지우편번호","지번주소","도로명주소","도로명우편번호","사업장명","최종수정일자","데이터갱신구분","데이터갱신일자","업태구분명","좌표정보(X)","좌표정보(Y)","비상시설위치","시설구분명","시설명_건물명","해제일자"
"3210000","3210000-S200300001","20030430","20080901","04","취소/말소/만료/정지/중지","19","사용중지","20080901","","","","","0","","서울특별시 서초구 서초동  1376","","","민방공대피시설","20131213195146","I","2018-08-31 23:59:59.0","","","","서울특별시 서초구 서초동  1376","공공시설","민방공대피시설","20080901"
"3210000","3210000-S200300002","20030303","20080901","04","취소/말소/만료/정지/중지","19","사용중지","20080901","","","","","0","","서울특별시 서초구 서초동 1436번지","","","대피시설","20131213195146","I","2018-08-31 23:59:59.0","","","","서울특별시 서초구 서초동 1436번지","공공시설","대피시설","20080901"
"3210000","3210000-S200300003","20030430","20080901","04","취소/말소/만료/정지/중지","19","사용중지","20080901","","","","","0","","서울특별시 서초구 서초동 1643번지","","","민방공대피시설","20080925150711","I","2018-08-31 23:59:59.0","","","","서울특별시 서초구 서초동 1643번지","공공시설","민방공대피시설","20080901"
"3210000","3210000-S200300004","20030430","","01","영업/정상","18","사용중","","","","","","2500","","서울특별시 서초구 서초동 1748번지 4호","서울특별시 서초구 서초대로 지하 294 (서초동 교대역)","06634","교대역 3호선","20211014120728","U","2021-10-16 02:40:00.0","","201463.500724841    ","443630.141786275    ","서울특별시 서초구 서초동 1748번지 4호","공공시설","교대역 3호선",""
"3210000","3210000-S200300005","20030430","20080901","04","취소/말소/만료/정지/중지","19","사용중지","20080901","","","","","100","","서울특별시 서초구 서초동  1333","","","지하대피시설","20080925150731","I","2018-08-31 23:59:59.0","","","","서울특별시 서초구 서초동  1333","공공시설","지하대피시설","20080901"
"3210000","3210000-S200300006","20030430","20080901","04","취소/말소/만료/정지/중지","19","사용중지","20080901","","","","","300","","서울특별시 서초구 서초동  1334","","","지하대피시설","20080925150750","I","2018-08-31 23:59:59.0","","","","서울특별시 서초구 서초동  1334","공공시설","지하대피시설","20080901"
"3210000","3210000-S200300007","20030430","20080901","04","취소/말소/만료/정지/중지","19","사용중지","20080901","","","","","5000","","서울특별시 서초구 서초동  1376","","","민방공대피시설","20080925150803","I","2018-08-31 23:59:59.0","","","","서울특별시 서초구 서초동  1376","공공시설","민방공대피시설","20080901"
"3210000","3210000-S200300008","20030430","20080901","04","취소/말소/만료/정지/중지","19","사용중지","20080901","","","","","6000","","서울특별시 서초구 서초동  3","","","지하철역사","20080925150815","I","2018-08-31 23:59:59.0","","","","서울특별시 서초구 서초동  3","공공시설","지하철역사","20080901"
"3210000","3210000-S200300009","20030430","20080901","04","취소/말소/만료/정지/중지","19","사용중지","20080901","","","","","6500","","서울특별시 서초구 양재동  27","","","지하철역사","20080925150831","I","2018-08-31 23:59:59.0","","","","서울특별시 서초구 양재동  27","공공시설","지하철역사","20080901"
"3210000","3210000-S200300010","20030430","20080901","04","취소/말소/만료/정지/중지","19","사용중지","20080901","","","","","300","","서울특별시 서초구 서초동  1303","","","지하주차장","20080925150843","I","2018-08-31 23:59:59.0","","","","서울특별시 서초구 서초동  1303","공공시설","지하주차장","20080901"
"3210000","3210000-S200300011","20030430","20080901","04","취소/말소/만료/정지/중지","19","사용중지","20080901","","","","","7000","","서울특별시 서초구 잠원동  93","","","지하철역사","20080925150855","I","2018-08-31 23:59:59.0","","","","서울특별시 서초구 잠원동  93","공공시설","지하철역사","20080901"
"3210000","3210000-S200300012","20030430","20080901","04","취소/말소/만료/정지/중지","19","사용중지","20080901","","","","","7000","","서울특별시 서초구 잠원동  78","","","지하철승강장","20080925150909","I","2018-08-31 23:59:59.0","","","","서울특별시 서초구 잠원동  78","공공시설","지하철승강장","20080901"
"3210000","3210000-S200300013","20030430","20080901","04","취소/말소/만료/정지/중지","19","사용중지","20080901","","","","","6500","","서울특별시 서초구 잠원동  6","","","호텔","20131213195146","I","2018-08-31 23:59:59.0","","","","서울특별시 서초구 잠원동  6","공공시설","호텔","20080901"
"3210000","3210000-S200300014","20030430","20080901","04","취소/말소/만료/정지/중지","19","사용중지","20080901","","","","","360","","서울특별시 서초구 반포동  58","","","아파트관리실","20080925150929","I","2018-08-31 23:59:59.0","","","","서울특별시 서초구 반포동  58","공공시설","아파트관리실","20080901"
"3210000","3210000-S200300015","20030430","20080901","04","취소/말소/만료/정지/중지","19","사용중지","20080901","","","","","600","","서울특별시 서초구 반포동  1","","","지하보도","20080925150938","I","2018-08-31 23:59:59.0","","","","서울특별시 서초구 반포동  1","공공시설","지하보도","20080901"
"3210000","3210000-S200300016","20030430","20080901","04","취소/말소/만료/정지/중지","19","사용중지","20080901","","","","","50","","서울특별시 서초구 반포동  720","","","자하대피시설","20080925150947","I","2018-08-31 23:59:59.0","","","","서울특별시 서초구 반포동  720","공공시설","자하대피시설","20080901"
"3210000","3210000-S200300017","20030430","20080901","04","취소/말소/만료/정지/중지","19","사용중지","20080901","","","","","1500","","서울특별시 서초구 반포동  2","","","반포고속터미널 지하주차장","20080925151009","I","2018-08-31 23:59:59.0","","","","서울특별시 서초구 반포동  2","공공시설","반포고속터미널 지하주차장","20080901"
"3210000","3210000-S200300018","20030430","20080901","04","취소/말소/만료/정지/중지","19","사용중지","20080901","","","","","7400","","서울특별시 서초구 반포동  12","","","신반포아파트 지하주차장","20080925151018","I","2018-08-31 23:59:59.0","","","","서울특별시 서초구 반포동  12","공공시설","신반포아파트 지하주차장","20080901"
"3210000","3210000-S200300019","20030430","20080901","04","취소/말소/만료/정지/중지","19","사용중지","20080901","","","","","600","","서울특별시 서초구 반포동  1","","","지하상가","20080925151027","I","2018-08-31 23:59:59.0","","","","서울특별시 서초구 반포동  1","공공시설","지하상가","20080901"
"3210000","3210000-S200300020","20030430","20080901","04","취소/말소/만료/정지/중지","19","사용중지","20080901","","","","","35000","","서울특별시 서초구 잠원동  70","","","뉴코아백화점","20080925151038","I","2018-08-31 23:59:59.0","","","","서울특별시 서초구 잠원동  70","공공시설","뉴코아백화점","20080901"
"3210000","3210000-S200300021","20030430","20080901","04","취소/말소/만료/정지/중지","19","사용중지","20080901","","","","","600","","서울특별시 서초구 반포동  65","","","궁전아파트 지하주차장","20080925151048","I","2018-08-31 23:59:59.0","","","","서울특별시 서초구 반포동  65","공공시설","궁전아파트 지하주차장","20080901"
"3210000","3210000-S200300022","20030430","20080901","04","취소/말소/만료/정지/중지","19","사용중지","20080901","","","","","1800","","서울특별시 서초구 반포동  70","","","서래아파트","20080925151058","I","2018-08-31 23:59:59.0","","","","서울특별시 서초구 반포동  70","공공시설","서래아파트","20080901"
"3210000","3210000-S200300023","20030430","20080901","04","취소/말소/만료/정지/중지","19","사용중지","20080901","","","","","2500","","서울특별시 서초구 반포동  505","","","강남성모병원","20080925151109","I","2018-08-31 23:59:59.0","","","","서울특별시 서초구 반포동  505","공공시설","강남성모병원","20080901"
"3210000","3210000-S200300024","20030430","20080901","04","취소/말소/만료/정지/중지","19","사용중지","20080901","","","","","1300","","서울특별시 서초구 반포동  60","","","국립중앙도서관","20080925151119","I","2018-08-31 23:59:59.0","","","","서울특별시 서초구 반포동  60","공공시설","국립중앙도서관","20080901"
"3210000","3210000-S200300025","20030430","20080901","04","취소/말소/만료/정지/중지","19","사용중지","20080901","","","","","3800","","서울특별시 서초구 반포동  225","","","강남지하상가","20080925151133","I","2018-08-31 23:59:59.0","","","","서울특별시 서초구 반포동  225","공공시설","강남지하상가","20080901"
"3210000","3210000-S200300026","20030430","20080901","04","취소/말소/만료/정지/중지","19","사용중지","20080901","","","","","1300","","서울특별시 서초구 방배동  458","","","무지개아파트","20080925151143","I","2018-08-31 23:59:59.0","","","","서울특별시 서초구 방배동  458","공공시설","무지개아파트","20080901"
"3210000","3210000-S200300027","20030430","20080901","04","취소/말소/만료/정지/중지","19","사용중지","20080901","","","","","2200","","서울특별시 서초구 방배동  1008","","","소라아파트","20131213195146","I","2018-08-31 23:59:59.0","","","","서울특별시 서초구 방배동  1008","공공시설","소라아파트","20080901"
"3210000","3210000-S200300028","20030430","20080901","04","취소/말소/만료/정지/중지","19","사용중지","20080901","","","","","1800","","서울특별시 서초구 방배동  1028","","","경남아파트","20131213195146","I","2018-08-31 23:59:59.0","","","","서울특별시 서초구 방배동  1028","공공시설","경남아파트","20080901"
"3210000","3210000-S200300029","20030430","20080901","04","취소/말소/만료/정지/중지","19","사용중지","20080901","","","","","15200","","서울특별시 서초구 방배동  1018","","","삼익아파트","20080925151216","I","2018-08-31 23:59:59.0","","","","서울특별시 서초구 방배동  1018","공공시설","삼익아파트","20080901"
"3210000","3210000-S200300030","20030430","20080901","04","취소/말소/만료/정지/중지","19","사용중지","20080901","","","","","1670","","서울특별시 서초구 방배동  1015","","","임광아파트","20131213195146","I","2018-08-31 23:59:59.0","","","","서울특별시 서초구 방배동  1015","공공시설","임광아파트","20080901"
"3210000","3210000-S200300031","20030430","20080901","04","취소/말소/만료/정지/중지","19","사용중지","20080901","","","","","900","","서울특별시 서초구 방배동  874","","","반포세무서","20080925151236","I","2018-08-31 23:59:59.0","","","","서울특별시 서초구 방배동  874","공공시설","반포세무서","20080901"
"3210000","3210000-S200300032","20030430","20080901","04","취소/말소/만료/정지/중지","19","사용중지","20080901","","","","","400","","서울특별시 서초구 방배동  400","","","가야병원","20131213195146","I","2018-08-31 23:59:59.0","","","","서울특별시 서초구 방배동  400","공공시설","가야병원","20080901"
"3210000","3210000-S200300033","20030430","20080901","04","취소/말소/만료/정지/중지","19","사용중지","20080901","","","","","800","","서울특별시 서초구 양재동  25","","","서초구민회관","20080925151252","I","2018-08-31 23:59:59.0","","","","서울특별시 서초구 양재동  25","공공시설","서초구민회관","20080901"
"3210000","3210000-S200300034","20030430","20080901","04","취소/말소/만료/정지/중지","19","사용중지","20080901","","","","","3600","","서울특별시 서초구 양재동  225","","","양재트럭터미널","20080925151304","I","2018-08-31 23:59:59.0","","","","서울특별시 서초구 양재동  225","공공시설","양재트럭터미널","20080901"
"3210000","3210000-S200300035","20030430","20080901","04","취소/말소/만료/정지/중지","19","사용중지","20080901","","","","","100","","서울특별시 서초구 양재동  323","","","양재동동사무소","20080925151312","I","2018-08-31 23:59:59.0","","","","서울특별시 서초구 양재동  323","공공시설","양재동동사무소","20080901"
"3210000","3210000-S200300036","20030430","20080901","04","취소/말소/만료/정지/중지","19","사용중지","20080901","","","","","250","","서울특별시 서초구 염곡동  180","","","내곡동동사무소","20080925151320","I","2018-08-31 23:59:59.0","","","","서울특별시 서초구 염곡동  180","공공시설","내곡동동사무소","20080901"
"3210000","3210000-S200800001","20080901","","01","영업/정상","18","사용중","","","","","","6842","","서울특별시 서초구 서초동 1642번지 14호","서울특별시 서초구 사임당로17길 90 (서초동 서초롯데캐슬84)","06635","서초롯데캐슬아파트","20211014120704","U","2021-10-16 02:40:00.0","","201545.400315378    ","443365.647795108    ","서울특별시 서초구 서초동 1642번지 14호","공공시설","서초롯데캐슬아파트",""
"3210000","3210000-S200800002","20080901","","01","영업/정상","18","사용중","","","","","","6929","","서울특별시 서초구 서초동 1436번지 14호","서울특별시 서초구 효령로68길 33 (서초동 서초동 아이파크)","06723","서초아이파크아파트","20211014120653","U","2021-10-16 02:40:00.0","","201995.484747236    ","442575.925282076    ","서울특별시 서초구 서초동 1436번지 14호","공공시설","서초아이파크아파트",""
"3210000","3210000-S200800003","20080901","","01","영업/정상","18","사용중","","","","","","5728","","서울특별시 서초구 서초동 1642번지 34호","서울특별시 서초구 사임당로17길 80 (서초동 래미안서초7차)","06635","래미안서초7차아파트","20211014120801","U","2021-10-16 02:40:00.0","","201479.914711668    ","443314.898142019    ","서울특별시 서초구 서초동 1642번지 34호","공공시설","래미안서초7차아파트",""
"3210000","3210000-S200800004","20080901","","01","영업/정상","18","사용중","","","","","","6124","","서울특별시 서초구 서초동 1641번지 1호","서울특별시 서초구 사임당로17길 116 (서초동 서초삼성래미안아파트)","06635","서초삼성래미안아파트","20211014120816","U","2021-10-16 02:40:00.0","","201694.768399257    ","443472.272365607    ","서울특별시 서초구 서초동 1641번지 1호","공공시설","서초삼성래미안아파트",""
"3210000","3210000-S200800005","20080901","","01","영업/정상","18","사용중","","","","","","495","","서울특별시 서초구 서초동 1424번지 2호","서울특별시 서초구 남부순환로 2477 (서초동 JW TOWER)","06725","JW타워","20211014120831","U","2021-10-16 02:40:00.0","","201803.380443919    ","442337.458957919    ","서울특별시 서초구 서초동 1424번지 2호","공공시설","JW타워",""
"3210000","3210000-S200800006","20080901","","01","영업/정상","18","사용중","","","","","","2450","","서울특별시 서초구 서초동 1376번지 3호","서울특별시 서초구 남부순환로 2584 (서초동 서초구청)","06750","서초구청청사","20211015105003","U","2021-10-17 02:40:00.0","","202812.372648119    ","442394.983839527    ","서울특별시 서초구 서초동 1376번지 3호","공공시설","서초구청청사",""
"3210000","3210000-S200800007","20080901","","01","영업/정상","18","사용중","","","","","","669","","서울특별시 서초구 서초동 1332번지 6호","서울특별시 서초구 서초대로70길 51 (서초동 서초2동주민센터)","06624","서초2동주민센터","20211015105028","U","2021-10-17 02:40:00.0","","202134.173729822    ","443319.153581178    ","서울특별시 서초구 서초동 1332번지 6호","공공시설","서초2동주민센터",""
"3210000","3210000-S200800008","20080901","","01","영업/정상","18","사용중","","","","","","242","","서울특별시 서초구 서초동 393번지 1호","서울특별시 서초구 남부순환로340길 49 (서초동 서울특별시데이터센터)","06756","서울시데이터센터","20211014120854","U","2021-10-16 02:40:00.0","","201804.497830997    ","441902.290653313    ","서울특별시 서초구 서초동 393번지 1호","공공시설","서울시데이터센터",""
"3210000","3210000-S200800009","20080901","","01","영업/정상","18","사용중","","","","","","415","","서울특별시 서초구 서초동 1376번지 2호","서울특별시 서초구 남부순환로 2572 (서초동)","06750","외교안보센터","20211015105103","U","2021-10-17 02:40:00.0","","202641.479903564    ","442355.002431156    ","서울특별시 서초구 서초동 1376번지 2호","공공시설","외교안보센터",""
"3210000","3210000-S200800010","20080901","","01","영업/정상","18","사용중","","","","","","4907","","서울특별시 서초구 서초동 1350번지 13호","서울특별시 서초구 효령로74길 57 (서초동 동원베네스트아파트)","06726","동원베네스트아파트","20211015105152","U","2021-10-17 02:40:00.0","","202274.467497641    ","442581.999198682    ","서울특별시 서초구 서초동 1350번지 13호","공공시설","동원베네스트아파트",""
"3210000","3210000-S200800011","20080901","","01","영업/정상","18","사용중","","","","","","3526","","서울특별시 서초구 서초동 1347번지 20호","서울특별시 서초구 효령로74길 56 (서초동 서초벽산블루밍아파트)","06726","벽산블루밍아파트","20211015105224","U","2021-10-17 02:40:00.0","","202232.727557309    ","442624.511400738    ","서울특별시 서초구 서초동 1347번지 20호","공공시설","벽산블루밍아파트",""
"3210000","3210000-S200800012","20080901","","01","영업/정상","18","사용중","","","","","","5724","","서울특별시 서초구 서초동 1359번지 50호","서울특별시 서초구 서운로6길 15-13 (서초동 롯데캐슬주피터)","06731","롯데캐슬주피터","20211015105535","U","2021-10-17 02:40:00.0","","202615.758727409    ","442725.75477746     ","서울특별시 서초구 서초동 1359번지 50호","공공시설","롯데캐슬주피터",""
"3210000","3210000-S200800013","20080901","","01","영업/정상","18","사용중","","","","","","6710","","서울특별시 서초구 서초동 1338번지 1호","서울특별시 서초구 효령로77길 14 (서초동 풍림아이원플러스)","06628","풍림아이원아파트","20211015105833","U","2021-10-17 02:40:00.0","","202557.594794033    ","443135.423711097    ","서울특별시 서초구 서초동 1338번지 1호","공공시설","풍림아이원아파트",""
"3210000","3210000-S200800014","20080901","","01","영업/정상","18","사용중","","","","","","6674","","서울특별시 서초구 서초동 1338번지","서울특별시 서초구 효령로77길 20 (서초동 현대ESA아파트)","06628","서초 현대ESA아파트","20211015105906","U","2021-10-17 02:40:00.0","","202537.854222304    ","443188.657701278    ","서울특별시 서초구 서초동 1338번지","공공시설","서초 현대ESA아파트",""
"3210000","3210000-S200800015","20080901","","01","영업/정상","18","사용중","","","","","","12600","","서울특별시 서초구 서초동 1321번지 15호","서울특별시 서초구 서초대로74길 4 (서초동 삼성생명서초타워)","06620","삼성생명서초타워","20211015105943","U","2021-10-17 02:40:00.0","","202210.515558775    ","443837.761530409    ","서울특별시 서초구 서초동 1321번지 15호","공공시설","삼성생명서초타워",""
"3210000","3210000-S200800017","20080901","","01","영업/정상","18","사용중","","","","","","2500","","서울특별시 서초구 서초동 1730번지 1호","서울특별시 서초구 반포대로 157 (서초동 대검찰청)","06590","대검찰청","20211014121016","U","2021-10-16 02:40:00.0","","200351.965571084    ","443490.358949882    ","서울특별시 서초구 서초동 1730번지 1호","공공시설","대검찰청",""
"3210000","3210000-S200800018","20080901","","01","영업/정상","18","사용중","","","","","","2000","","서울특별시 서초구 서초동 1701번지 1호","서울특별시 서초구 서초중앙로 157 (서초동 서울고등법원.서울중앙지방법원.회생법원)","06594","서울고등법원","20211014121004","U","2021-10-16 02:40:00.0","","200939.262819649    ","443867.172593905    ","서울특별시 서초구 서초동 1701번지 1호","공공시설","서울고등법원",""
"3210000","3210000-S200800019","20080901","","01","영업/정상","18","사용중","","","","","","5500","","서울특별시 서초구 서초동 700번지","서울특별시 서초구 남부순환로 2406 (서초동 예술의전당)","06757","예술의전당","20211014121113","U","2021-10-16 02:40:00.0","","201278.647889967    ","442099.753091778    ","서울특별시 서초구 서초동 700번지","공공시설","예술의전당",""
"3210000","3210000-S200800020","20080901","","01","영업/정상","18","사용중","","","","","","3000","","서울특별시 서초구 서초동 1477번지 1호","서울특별시 서초구 반포대로5길 65 (서초동 아이파크빌)","06709","현대아이파크","20211014121131","U","2021-10-16 02:40:00.0","","200656.040672457    ","442130.781203744    ","서울특별시 서초구 서초동 1477번지 1호","공공시설","현대아이파크",""
"3210000","3210000-S200800021","20080901","","01","영업/정상","18","사용중","","","","","","2400","","서울특별시 서초구 서초동 1487번지 63호","서울특별시 서초구 명달로6길 31 (서초동 서초1차이편한세상)","06708","서초1차 이편한세상아파트","20211014121147","U","2021-10-16 02:40:00.0","","200525.420962358    ","442111.453980877    ","서울특별시 서초구 서초동 1487번지 63호","공공시설","서초1차 이편한세상아파트",""
"3210000","3210000-S200800022","20080901","","01","영업/정상","18","사용중","","","","","","1800","","서울특별시 서초구 서초동 1467번지 37호","서울특별시 서초구 남부순환로 2343-10 (서초동 서초3차대림이편한세상)","06713","서초3차 이편안세상아파트","20211014121202","U","2021-10-16 02:40:00.0","","200611.550018205    ","441830.212789893    ","서울특별시 서초구 서초동 1467번지 37호","공공시설","서초3차 이편안세상아파트",""
"3210000","3210000-S200800023","20080901","","01","영업/정상","18","사용중","","","","","","1900","","서울특별시 서초구 서초동 1467번지 62호","서울특별시 서초구 명달로4길 30 (서초동 서초5차대림이편한세상)","06713","서초5차 이편안세상아파트","20211014121224","U","2021-10-16 02:40:00.0","","200574.10539549     ","441948.308166326    ","서울특별시 서초구 서초동 1467번지 62호","공공시설","서초5차 이편안세상아파트",""
"3210000","3210000-S200800024","20080901","","01","영업/정상","18","사용중","","","","","","9000","","서울특별시 서초구 서초동 1446번지 11호","서울특별시 서초구 서초중앙로 15 (서초동 현대슈퍼빌)","06718","서초현대슈퍼빌","20211014121238","U","2021-10-16 02:40:00.0","","201347.665918617    ","442312.725051308    ","서울특별시 서초구 서초동 1446번지 11호","공공시설","서초현대슈퍼빌",""
"3210000","3210000-S200800025","20080901","","01","영업/정상","18","사용중","","","","","","2700","","서울특별시 서초구 서초동 1454번지 32호","서울특별시 서초구 남부순환로323길 38-16 (서초동 서초동한신아파트)","06717","서초 한신아파트","20211014121253","U","2021-10-16 02:40:00.0","","201201.102321407    ","442244.51241656     ","서울특별시 서초구 서초동 1454번지 32호","공공시설","서초 한신아파트",""
"3210000","3210000-S200800026","20080901","","01","영업/정상","18","사용중","","","","","","1800","","서울특별시 서초구 서초동 1456번지 2호","서울특별시 서초구 반포대로10길 42 (서초동 경남아너스빌)","06717","경남아너스빌","20211014121306","U","2021-10-16 02:40:00.0","","201189.061739571    ","442403.322238642    ","서울특별시 서초구 서초동 1456번지 2호","공공시설","경남아너스빌",""
"3210000","3210000-S200800027","20080901","","01","영업/정상","18","사용중","","","","","","2400","","서울특별시 서초구 서초동 1458번지 6호","서울특별시 서초구 반포대로10길 35 (서초동 서초지웰)","06716","신영지웰아파트","20211014121320","U","2021-10-16 02:40:00.0","","201142.000320091    ","442445.011519491    ","서울특별시 서초구 서초동 1458번지 6호","공공시설","신영지웰아파트",""
"3210000","3210000-S200800028","20080901","","01","영업/정상","18","사용중","","","","","","8090","","서울특별시 서초구 서초동 1319번지 5호","서울특별시 서초구 서초대로78길 5 (서초동 대각빌딩)","06620","강남지하상가","20211014131408","U","2021-10-16 02:40:00.0","","202341.461998843    ","443903.028573933    ","서울특별시 서초구 서초동 1319번지 5호","공공시설","강남지하상가",""
"3210000","3210000-S200800029","20080901","","01","영업/정상","18","사용중","","","","","","6390","","서울특별시 강남구 역삼동 858번지","서울특별시 강남구 강남대로 지하 396 (역삼동)","06232","강남역 2호선","20211014131431","U","2021-10-16 02:40:00.0","","202422.251739571    ","443872.484453417    ","서울특별시 강남구 역삼동 858번지","공공시설","강남역 2호선",""
"3210000","3210000-S200800030","20080901","","01","영업/정상","18","사용중","","","","","","3800","","서울특별시 서초구 서초동 1316번지 15호","서울특별시 서초구 강남대로61길 23 (서초동 현대성우주상복합아파트)","06616","현대성우주상복합아파트","20211014131456","U","2021-10-16 02:40:00.0","","202074.688283463    ","444029.472649822    ","서울특별시 서초구 서초동 1316번지 15호","공공시설","현대성우주상복합아파트",""
"3210000","3210000-S200800031","20080901","","01","영업/정상","18","사용중","","","","","","14430","","서울특별시 서초구 서초동 1303번지 22호","서울특별시 서초구 강남대로 465 (서초동 교보타워)","06611","교보타워빌딩","20211014131533","U","2021-10-16 02:40:00.0","","202058.674687128    ","444618.16731522     ","서울특별시 서초구 서초동 1303번지 22호","공공시설","교보타워빌딩",""
"3210000","3210000-S200800032","20080901","","01","영업/정상","18","사용중","","","","","","2440","","서울특별시 서초구 서초동 1684번지","서울특별시 서초구 고무래로 94 (서초동 서초4차현대아파트)","06602","현대아파트서초4차","20211014131550","U","2021-10-16 02:40:00.0","","201507.653121522    ","444237.738909172    ","서울특별시 서초구 서초동 1684번지","공공시설","현대아파트서초4차",""
"3210000","3210000-S200800033","20080901","","01","영업/정상","18","사용중","","","","","","2450","","서울특별시 서초구 서초동 1312번지 3호","서울특별시 서초구 서운로 200 (서초동 롯데캐슬클래식아파트)","06610","롯데캐슬클래식아파트","20211014131605","U","2021-10-16 02:40:00.0","","201826.205600146    ","444200.460292696    ","서울특별시 서초구 서초동 1312번지 3호","공공시설","롯데캐슬클래식아파트",""
"3210000","3210000-S200800034","20080901","","01","영업/정상","18","사용중","","","","","","17700","","서울특별시 서초구 서초동 1685번지","서울특별시 서초구 서초중앙로 200 (서초동 삼풍아파트)","06601","삼풍아파트","20211014131630","U","2021-10-16 02:40:00.0","","201310.903586376    ","444037.347883392    ","서울특별시 서초구 서초동 1685번지","공공시설","삼풍아파트",""
"3210000","3210000-S200800035","20080901","","01","영업/정상","18","사용중","","","","","","4930","","서울특별시 서초구 서초동 1682번지","서울특별시 서초구 서초대로65길 13-10 (서초동 서초래미안아파트)","06602","서초래미안","20211014131646","U","2021-10-16 02:40:00.0","","201600.394681612    ","444038.762540109    ","서울특별시 서초구 서초동 1682번지","공공시설","서초래미안",""
"3210000","3210000-S200800036","20080901","","01","영업/정상","18","사용중","","","","","","2870","","서울특별시 서초구 서초동 1687번지","서울특별시 서초구 서초중앙로24길 43 (서초동 유원서초아파트)","06603","서초유원아파트","20211014131701","U","2021-10-16 02:40:00.0","","201545.503195417    ","443788.298282562    ","서울특별시 서초구 서초동 1687번지","공공시설","서초유원아파트",""
"3210000","3210000-S200800037","20080901","","01","영업/정상","18","사용중","","","","","","6585","","서울특별시 서초구 서초동 1685번지 3호","서울특별시 서초구 서초중앙로 188 (서초동 아크로비스타)","06600","아크로비스타","20211014131718","U","2021-10-16 02:40:00.0","","201107.634736928    ","443999.067092566    ","서울특별시 서초구 서초동 1685번지 3호","공공시설","아크로비스타",""
"3210000","3210000-S200800038","20080901","","01","영업/정상","18","사용중","","","","","","6810","","서울특별시 서초구 잠원동 100번지 1호","서울특별시 서초구 잠원로4길 지하 46 (잠원동 잠원역)","06522","잠원역 3호선","20211014131755","U","2021-10-16 02:40:00.0","","200969.854541787    ","445649.426044828    ","서울특별시 서초구 잠원동 100번지 1호","공공시설","잠원역 3호선",""
"3210000","3210000-S200800039","20080901","","01","영업/정상","18","사용중","","","","","","7160","","서울특별시 강남구 신사동 667번지","서울특별시 강남구 도산대로 지하 102 (신사동 신사역)","06038","신사역 3호선","20211014131812","U","2021-10-16 02:40:00.0","","201588.001969935    ","446382.381669803    ","서울특별시 강남구 신사동 667번지","공공시설","신사역 3호선",""
"3210000","3210000-S200800040","20080901","","01","영업/정상","18","사용중","","","","","","5330","","서울특별시 서초구 잠원동 103번지","서울특별시 서초구 신반포로 지하 241 (잠원동 반포역)","06521","반포역 7호선","20211014131829","U","2021-10-16 02:40:00.0","","200975.310832194    ","445119.999988057    ","서울특별시 서초구 잠원동 103번지","공공시설","반포역 7호선",""
"3210000","3210000-S200800041","20080901","","01","영업/정상","18","사용중","","","","","","2000","","서울특별시 서초구 잠원동 71번지 11호","서울특별시 서초구 잠원로3길 8 (잠원동 반포한신타워아파트)","06510","한신타워아파트","20211018132409","U","2021-10-20 02:40:00.0","","200459.652759387    ","445411.675698475    ","서울특별시 서초구 잠원동 71번지 11호","공공시설","한신타워아파트",""
"3210000","3210000-S200800042","20080901","","01","영업/정상","18","사용중","","","","","","6160","","서울특별시 서초구 잠원동 51번지","서울특별시 서초구 잠원로 202-11 (잠원동 한신잠원훼미리)","06516","잠원 훼미리아파트","20211014131843","U","2021-10-16 02:40:00.0","","201226.075930426    ","446331.380046658    ","서울특별시 서초구 잠원동 51번지","공공시설","잠원 훼미리아파트",""
"3210000","3210000-S200800043","20080901","","01","영업/정상","18","사용중","","","","","","2970","","서울특별시 서초구 잠원동 53번지","서울특별시 서초구 잠원로12길 4 (잠원동 잠원현대아파트)","06517","잠원 현대아파트","20211014131857","U","2021-10-16 02:40:00.0","","201054.363548303    ","446247.719636035    ","서울특별시 서초구 잠원동 53번지","공공시설","잠원 현대아파트",""
"3210000","3210000-S200800044","20080901","","01","영업/정상","18","사용중","","","","","","2775","","서울특별시 서초구 잠원동 63번지 34호","서울특별시 서초구 신반포로33길 64 (잠원동 잠원한신로얄아파트)","06519","잠원 한신로얄아파트","20211014131911","U","2021-10-16 02:40:00.0","","200753.638703338    ","445706.12537466     ","서울특별시 서초구 잠원동 63번지 34호","공공시설","잠원 한신로얄아파트",""
"3210000","3210000-S200800045","20080901","","01","영업/정상","18","사용중","","","","","","2670","","서울특별시 서초구 잠원동 50번지","서울특별시 서초구 잠원로14길 3 (잠원동 롯데캐슬갤럭시)","06515","롯데캐슬갤럭시아파트","20211014131927","U","2021-10-16 02:40:00.0","","201383.30193718     ","446439.134713956    ","서울특별시 서초구 잠원동 50번지","공공시설","롯데캐슬갤럭시아파트",""
"3210000","3210000-S200800046","20080901","","01","영업/정상","18","사용중","","","","","","3860","","서울특별시 서초구 잠원동 58번지","서울특별시 서초구 나루터로 46 (잠원동 금호베스트빌아파트)","06523","금호베스트빌","20211014131941","U","2021-10-16 02:40:00.0","","201180.951710524    ","445821.126176834    ","서울특별시 서초구 잠원동 58번지","공공시설","금호베스트빌",""
"3210000","3210000-S200800047","20080901","","01","영업/정상","18","사용중","","","","","","4490","","서울특별시 서초구 잠원동 65번지 32호","서울특별시 서초구 잠원로 94 (잠원동 한신빌딩)","06520","한신공영상가","20211018132431","U","2021-10-20 02:40:00.0","","200628.43767533     ","445580.594039349    ","서울특별시 서초구 잠원동 65번지 32호","공공시설","한신공영상가",""
"3210000","3210000-S200800048","20080901","","01","영업/정상","18","사용중","","","","","","1600","","서울특별시 서초구 반포동 1141번지","서울특별시 서초구 신반포로 23 (반포동 엘루체)","06502","엘루체컨벤션","20211014132043","U","2021-10-16 02:40:00.0","","198791.788015494    ","444392.672548989    ","서울특별시 서초구 반포동 1141번지","공공시설","엘루체컨벤션",""
"3210000","3210000-S200800049","20080901","20211230","04","취소/말소/만료/정지/중지","19","사용중지","20211230","","","","","490","","서울특별시 서초구 반포동 891번지","서울특별시 서초구 신반포로 27-12 (반포동 대윤빌딩)","06502","반포주공아파트 관리사무소","20220118092426","U","2022-01-20 02:40:00.0","","198818.908913857    ","444491.101656081    ","서울특별시 서초구 반포동 891번지","공공시설","반포주공아파트 관리사무소","20211230"
"3210000","3210000-S200800050","20080901","20160824","04","취소/말소/만료/정지/중지","19","사용중지","20160824","","","","","400","","서울특별시 서초구 반포동 1160번지 주공아파트","서울특별시 서초구  신반포로  45 (반포동)","","반포본동 주공@48","20160824162314","I","2018-08-31 23:59:59.0","","","","서울특별시 서초구 반포동 1160번지 주공아파트","공공시설","반포본동 주공@48","20160824"
"3210000","3210000-S200800051","20080901","20211230","04","취소/말소/만료/정지/중지","19","사용중지","20211230","","","","","400","","서울특별시 서초구 반포동 758번지","서울특별시 서초구 신반포로 45 (반포동 반포아파트)","06502","반포본동 주공아파트 54","20220118093202","U","2022-01-20 02:40:00.0","","198964.887539909    ","444780.898614992    ","서울특별시 서초구 반포동 758번지","공공시설","반포본동 주공아파트 54","20211230"
"3210000","3210000-S200800052","20080901","20211230","04","취소/말소/만료/정지/중지","19","사용중지","20211230","","","","","400","","서울특별시 서초구 반포동 758번지","서울특별시 서초구 신반포로 45 (반포동 반포아파트)","06502","반포본동 주공아파트 55","20220118093127","U","2022-01-20 02:40:00.0","","198964.887539909    ","444780.898614992    ","서울특별시 서초구 반포동 758번지","공공시설","반포본동 주공아파트 55","20211230"
"3210000","3210000-S200800053","20080901","20160824","04","취소/말소/만료/정지/중지","19","사용중지","20160824","","","","","400","","서울특별시 서초구 반포동 763번지 주공아파트","서울특별시 서초구  신반포로  45 (반포동)","","반포본동 주공@59","20160824162343","I","2018-08-31 23:59:59.0","","","","서울특별시 서초구 반포동 763번지 주공아파트","공공시설","반포본동 주공@59","20160824"
"3210000","3210000-S200800054","20080901","20160824","04","취소/말소/만료/정지/중지","19","사용중지","20160824","","","","","400","","서울특별시 서초구 반포동 763번지 주공아파트","서울특별시 서초구  신반포로  45 (반포동)","","반포본동 주공@60","20160824162430","I","2018-08-31 23:59:59.0","","","","서울특별시 서초구 반포동 763번지 주공아파트","공공시설","반포본동 주공@60","20160824"
"3210000","3210000-S200800055","20080901","20160824","04","취소/말소/만료/정지/중지","19","사용중지","20160824","","","","","400","","서울특별시 서초구 반포동 763번지 주공아파트","서울특별시 서초구  신반포로  45 (반포동)","","반포본동 주공@61","20160824162405","I","2018-08-31 23:59:59.0","","","","서울특별시 서초구 반포동 763번지 주공아파트","공공시설","반포본동 주공@61","20160824"
"3210000","3210000-S200800056","20080901","20211230","04","취소/말소/만료/정지/중지","19","사용중지","20211230","","","","","502","","서울특별시 서초구 반포동 758번지","서울특별시 서초구 신반포로 45 (반포동 반포아파트)","06502","반포본동 주공아파트 62","20220118093137","U","2022-01-20 02:40:00.0","","198964.887539909    ","444780.898614992    ","서울특별시 서초구 반포동 758번지","공공시설","반포본동 주공아파트 62","20211230"
"3210000","3210000-S200800057","20080901","20180628","04","취소/말소/만료/정지/중지","19","사용중지","20180628","","","","","480","","서울특별시 서초구 방배동 922번지 18호","서울특별시 서초구 효령로29길 43 (방배동 방배1동주민센터)","06683","방배1동 주민자치센터","20180629103359","I","2018-08-31 23:59:59.0","","199446.555147994    ","442356.747517135    ","서울특별시 서초구 방배동 922번지 18호","공공시설","방배1동 주민자치센터","20180628"
"3210000","3210000-S200800058","20080901","20211230","04","취소/말소/만료/정지/중지","19","사용중지","20211230","","","","","502","","서울특별시 서초구 반포동 758번지","서울특별시 서초구 신반포로 45 (반포동 반포아파트)","06502","반포본동 주공아파트 63","20220118093113","U","2022-01-20 02:40:00.0","","198964.887539909    ","444780.898614992    ","서울특별시 서초구 반포동 758번지","공공시설","반포본동 주공아파트 63","20211230"
"3210000","3210000-S200800059","20080901","20211230","04","취소/말소/만료/정지/중지","19","사용중지","20211230","","","","","438","","서울특별시 서초구 반포동 758번지","서울특별시 서초구 신반포로 45 (반포동 반포아파트)","06502","반포본동 주공아파트 64","20220118092638","U","2022-01-20 02:40:00.0","","198964.887539909    ","444780.898614992    ","서울특별시 서초구 반포동 758번지","공공시설","반포본동 주공아파트 64","20211230"
"3210000","3210000-S200800060","20080901","20211230","04","취소/말소/만료/정지/중지","19","사용중지","20211230","","","","","438","","서울특별시 서초구 반포동 758번지","서울특별시 서초구 신반포로 45 (반포동 반포아파트)","06502","반포본동 주공아파트 65","20220119090812","U","2022-01-21 02:40:00.0","","198964.887539909    ","444780.898614992    ","서울특별시 서초구 반포동 758번지","공공시설","반포본동 주공아파트 65","20211230"
"3210000","3210000-S200800061","20080901","","01","영업/정상","18","사용중","","","","","","5462","","서울특별시 서초구 방배동 899번지 16호","서울특별시 서초구 서초대로26길 19 (방배동 브라운스톤방배)","06664","브라운스톤방배아파트","20211015103649","U","2021-10-17 02:40:00.0","","199499.224107347    ","442734.275681174    ","서울특별시 서초구 방배동 899번지 16호","공공시설","브라운스톤방배아파트",""
"3210000","3210000-S200800062","20080901","20180426","04","취소/말소/만료/정지/중지","19","사용중지","20180426","","","","","520","","서울특별시 서초구 반포동 758번지","서울특별시 서초구 신반포로 45 (반포동 반포아파트)","06502","반포본동 주공@66","20180426092835","I","2018-08-31 23:59:59.0","","198964.887539909    ","444780.898614992    ","서울특별시 서초구 반포동 758번지","공공시설","반포본동 주공@66","20180426"
"3210000","3210000-S200800063","20080901","20180426","04","취소/말소/만료/정지/중지","19","사용중지","20180426","","","","","497","","서울특별시 서초구 반포동 758번지","서울특별시 서초구 신반포로 45 (반포동 반포아파트)","06502","반포본동 주공@67","20180426092859","I","2018-08-31 23:59:59.0","","198964.887539909    ","444780.898614992    ","서울특별시 서초구 반포동 758번지","공공시설","반포본동 주공@67","20180426"
"3210000","3210000-S200800064","20080901","20211230","04","취소/말소/만료/정지/중지","19","사용중지","20211230","","","","","497","","서울특별시 서초구 반포동 758번지","서울특별시 서초구 신반포로 45 (반포동 반포아파트)","06502","반포본동 주공아파트 68","20220118092651","U","2022-01-20 02:40:00.0","","198964.887539909    ","444780.898614992    ","서울특별시 서초구 반포동 758번지","공공시설","반포본동 주공아파트 68","20211230"
"3210000","3210000-S200800065","20080901","20211230","04","취소/말소/만료/정지/중지","19","사용중지","20211230","","","","","497","","서울특별시 서초구 반포동 758번지","서울특별시 서초구 신반포로 45 (반포동 반포아파트)","06502","반포본동 주공아파트 69","20220118092705","U","2022-01-20 02:40:00.0","","198964.887539909    ","444780.898614992    ","서울특별시 서초구 반포동 758번지","공공시설","반포본동 주공아파트 69","20211230"
"3210000","3210000-S200800066","20080901","","01","영업/정상","18","사용중","","","","","","4800","","서울특별시 서초구 방배동 930번지 1호","서울특별시 서초구 방배로19길 67 (방배동 방배브라운가아파트)","06681","방배 브라운가아파트","20211015103724","U","2021-10-17 02:40:00.0","","199217.406245722    ","442370.150832762    ","서울특별시 서초구 방배동 930번지 1호","공공시설","방배 브라운가아파트",""
"3210000","3210000-S200800067","20080901","20180426","04","취소/말소/만료/정지/중지","19","사용중지","20180426","","","","","360","","서울특별시 서초구 반포동 821번지","서울특별시 서초구 신반포로 9 (반포동 반포아파트)","06501","반포본동 주공@75","20180426092926","I","2018-08-31 23:59:59.0","","198672.895781847    ","444372.77020404     ","서울특별시 서초구 반포동 821번지","공공시설","반포본동 주공@75","20180426"
"3210000","3210000-S200800068","20080901","20180426","04","취소/말소/만료/정지/중지","19","사용중지","20180426","","","","","360","","서울특별시 서초구 반포동 821번지","서울특별시 서초구 신반포로 9 (반포동 반포아파트)","06501","반포본동 주공@76","20180426092948","I","2018-08-31 23:59:59.0","","198672.895781847    ","444372.77020404     ","서울특별시 서초구 반포동 821번지","공공시설","반포본동 주공@76","20180426"
"3210000","3210000-S200800069","20080901","20211230","04","취소/말소/만료/정지/중지","19","사용중지","20211230","","","","","360","","서울특별시 서초구 반포동 821번지","서울특별시 서초구 신반포로 9 (반포동 반포아파트)","06501","반포본동 주공아파트 77","20220118092719","U","2022-01-20 02:40:00.0","","198672.895781847    ","444372.77020404     ","서울특별시 서초구 반포동 821번지","공공시설","반포본동 주공아파트 77","20211230"
"3210000","3210000-S200800070","20080901","","01","영업/정상","18","사용중","","","","","","2446","","서울특별시 서초구 방배동 169번지 24호","서울특별시 서초구 효령로33길 66-31 (방배동 방배한화아파트)","06666","방배 한화아파트","20211015103907","U","2021-10-17 02:40:00.0","","199817.585247283    ","442522.202999551    ","서울특별시 서초구 방배동 169번지 24호","공공시설","방배 한화아파트",""
"3210000","3210000-S200800071","20080901","20160824","04","취소/말소/만료/정지/중지","19","사용중지","20160824","","","","","360","","서울특별시 서초구 반포동 1263번지 주공아파트","서울특별시 서초구  신반포로  9 (반포동)","","반포본동 주공@78","20160824162502","I","2018-08-31 23:59:59.0","","","","서울특별시 서초구 반포동 1263번지 주공아파트","공공시설","반포본동 주공@78","20160824"
"3210000","3210000-S200800072","20080901","20160824","04","취소/말소/만료/정지/중지","19","사용중지","20160824","","","","","360","","서울특별시 서초구 반포동 1271번지 주공아파트","서울특별시 서초구  신반포로  9 (반포동)","","반포본동 주공@79","20160824162531","I","2018-08-31 23:59:59.0","","","","서울특별시 서초구 반포동 1271번지 주공아파트","공공시설","반포본동 주공@79","20160824"
"3210000","3210000-S200800073","20080901","20211230","04","취소/말소/만료/정지/중지","19","사용중지","20211230","","","","","360","","서울특별시 서초구 반포동 821번지","서울특별시 서초구 신반포로 9 (반포동 반포아파트)","06501","반포본동 주공아파트 80","20220118092733","U","2022-01-20 02:40:00.0","","198672.895781847    ","444372.77020404     ","서울특별시 서초구 반포동 821번지","공공시설","반포본동 주공아파트 80","20211230"
"3210000","3210000-S200800074","20080901","20160824","04","취소/말소/만료/정지/중지","19","사용중지","20160824","","","","","360","","서울특별시 서초구 반포동 824번지 주공아파트","서울특별시 서초구  신반포로  9 (반포동)","","반포본동 주공@81","20160824162553","I","2018-08-31 23:59:59.0","","","","서울특별시 서초구 반포동 824번지 주공아파트","공공시설","반포본동 주공@81","20160824"
"3210000","3210000-S200800075","20080901","20160824","04","취소/말소/만료/정지/중지","19","사용중지","20160824","","","","","397","","서울특별시 서초구 반포동 1224번지 주공아파트","서울특별시 서초구  신반포로  9 (반포동)","","반포본동 주공@82","20160824162636","I","2018-08-31 23:59:59.0","","","","서울특별시 서초구 반포동 1224번지 주공아파트","공공시설","반포본동 주공@82","20160824"
"3210000","3210000-S200800076","20080901","","01","영업/정상","18","사용중","","","","","","6570","","서울특별시 서초구 방배동 884번지 21호","서울특별시 서초구 서초대로34길 34 (방배동 방배이편한세상)","06661","방배 이편한세상아파트","20211015103933","U","2021-10-17 02:40:00.0","","199837.09322777     ","442834.239369577    ","서울특별시 서초구 방배동 884번지 21호","공공시설","방배 이편한세상아파트",""
"3210000","3210000-S200800077","20080901","20160824","04","취소/말소/만료/정지/중지","19","사용중지","20160824","","","","","497","","서울특별시 서초구 반포동 1224번지 주공아파트","서울특별시 서초구  신반포로  9 (반포동)","","반포본동 주공@84","20160824162611","I","2018-08-31 23:59:59.0","","","","서울특별시 서초구 반포동 1224번지 주공아파트","공공시설","반포본동 주공@84","20160824"
"3210000","3210000-S200800078","20080901","20211230","04","취소/말소/만료/정지/중지","19","사용중지","20211230","","","","","485","","서울특별시 서초구 반포동 821번지","서울특별시 서초구 신반포로 9 (반포동 반포아파트)","06501","반포본동 주공아파트 95","20220118092758","U","2022-01-20 02:40:00.0","","198672.895781847    ","444372.77020404     ","서울특별시 서초구 반포동 821번지","공공시설","반포본동 주공아파트 95","20211230"
"3210000","3210000-S200800079","20080901","","01","영업/정상","18","사용중","","","","","","5287","","서울특별시 서초구 방배동 888번지 53호","서울특별시 서초구 방배로18길 67 (방배동 방배자이아파트)","06663","방배 자이아파트","20211015103951","U","2021-10-17 02:40:00.0","","199846.382920421    ","442692.828997323    ","서울특별시 서초구 방배동 888번지 53호","공공시설","방배 자이아파트",""
"3210000","3210000-S200800080","20080901","","01","영업/정상","18","사용중","","","","","","2690","","서울특별시 서초구 방배동 915번지 16호","서울특별시 서초구 방배로11길 35 (방배동 미래푸메)","06687","방배서리풀힐스아파트","20211015104029","U","2021-10-17 02:40:00.0","","199452.965769758    ","442096.520740817    ","서울특별시 서초구 방배동 915번지 16호","공공시설","방배서리풀힐스아파트",""
"3210000","3210000-S200800081","20080901","20160824","04","취소/말소/만료/정지/중지","19","사용중지","20160824","","","","","2417","","서울특별시 서초구 반포동 723번지 3호","서울특별시 서초구  강남대로  519 (반포동)","","논현지하보도","20160824162846","I","2018-08-31 23:59:59.0","","","","서울특별시 서초구 반포동 723번지 3호","공공시설","논현지하보도","20160824"
"3210000","3210000-S200800082","20080901","","01","영업/정상","18","사용중","","","","","","5505","","서울특별시 서초구 방배동 888번지 40호","서울특별시 서초구 방배로18길 81 (방배동 롯데캐슬파크)","06663","롯데캐슬파크아파트","20211015104054","U","2021-10-17 02:40:00.0","","199897.71952619     ","442647.269805213    ","서울특별시 서초구 방배동 888번지 40호","공공시설","롯데캐슬파크아파트",""
"3210000","3210000-S200800083","20080901","","01","영업/정상","18","사용중","","","","","","1400","","서울특별시 서초구 반포동 30번지 19호","서울특별시 서초구 고무래로 71 (반포동 반포고등학교)","06598","반포고옆 지하보도","20211014132155","U","2021-10-16 02:40:00.0","","201395.851786408    ","444417.909508038    ","서울특별시 서초구 반포동 30번지 19호","공공시설","반포고옆 지하보도",""
"3210000","3210000-S200800084","20080901","","01","영업/정상","18","사용중","","","","","","5560","","서울특별시 서초구 반포동 730번지","서울특별시 서초구 주흥3길 34 (반포동 방음언덕형 구립공영주차장)","06539","구립공용주차장","20211014132212","U","2021-10-16 02:40:00.0","","201552.711589927    ","444738.474405663    ","서울특별시 서초구 반포동 730번지","공공시설","구립공용주차장",""
"3210000","3210000-S200800085","20080901","","01","영업/정상","18","사용중","","","","","","7282","","서울특별시 서초구 방배동 923번지 6호","서울특별시 서초구 방배로13길 18 (방배동 방배아크로타워)","06683","방배아크로타워아파트","20211015104117","U","2021-10-17 02:40:00.0","","199513.040528302    ","442328.58100894     ","서울특별시 서초구 방배동 923번지 6호","공공시설","방배아크로타워아파트",""
"3210000","3210000-S200800086","20080901","","01","영업/정상","18","사용중","","","","","","9500","","서울특별시 서초구 반포동 20번지 45호","서울특별시 서초구 잠원로 24 (반포동 반포자이플라자)","06544","반포지하상가","20211014132227","U","2021-10-16 02:40:00.0","","200800.417027918    ","444989.874340522    ","서울특별시 서초구 반포동 20번지 45호","공공시설","반포지하상가",""
"3210000","3210000-S200800087","20080901","","01","영업/정상","18","사용중","","","","","","3700","","서울특별시 서초구 반포동 745번지 5호","서울특별시 서초구 사평대로 343 (반포동 제일약품 사옥)","06543","제일약품","20211014132240","U","2021-10-16 02:40:00.0","","201735.313086278    ","444607.900958198    ","서울특별시 서초구 반포동 745번지 5호","공공시설","제일약품",""
"3210000","3210000-S200800088","20080901","20160824","04","취소/말소/만료/정지/중지","19","사용중지","20160824","","","","","300","","서울특별시 서초구 반포동 1번지 8호","서울특별시 서초구  신반포로  137 (반포동)","","한강반포나들목","20160824162925","I","2018-08-31 23:59:59.0","","","","서울특별시 서초구 반포동 1번지 8호","공공시설","한강반포나들목","20160824"
"3210000","3210000-S200800089","20080901","","01","영업/정상","18","사용중","","","","","","4027","","서울특별시 서초구 방배동 940번지 8호","서울특별시 서초구 서초대로18길 6 (방배동 방배금강아파트)","06673","방배 금강아파트","20211015104137","U","2021-10-17 02:40:00.0","","199156.575541215    ","442640.663875206    ","서울특별시 서초구 방배동 940번지 8호","공공시설","방배 금강아파트",""
"3210000","3210000-S200800090","20080901","20161230","04","취소/말소/만료/정지/중지","19","사용중지","20161230","","","","","188","","서울특별시 서초구 반포동 4번지 15호","서울특별시 서초구 신반포로15길 16 (반포동 반포2동주민센터)","06504","반포2동주민자치센터","20180719152003","I","2018-08-31 23:59:59.0","","199441.101629112    ","444708.373788496    ","서울특별시 서초구 반포동 4번지 15호","공공시설","반포2동주민자치센터","20161230"
"3210000","3210000-S200800091","20080901","20190228","04","취소/말소/만료/정지/중지","19","사용중지","20190228","","","","","2832","","서울특별시 서초구 반포동 1번지 1호","서울특별시 서초구 신반포로19길 10 (반포동 신반포3지구아파트)","06505","신반포 3차아파트","20190313150515","U","2019-03-15 02:40:00.0","","199692.409380395    ","444953.682162516    ","서울특별시 서초구 반포동 1번지 1호","공공시설","신반포 3차아파트","20190228"
"3210000","3210000-S200800092","20080901","","01","영업/정상","18","사용중","","","","","","620","","서울특별시 서초구 방배동 462번지 13호","서울특별시 서초구 청두곶길 36 (방배동 방배2동주민센터)","06690","방배2동 주민자치센터","20211018100240","U","2021-10-20 02:40:00.0","","198653.049585486    ","441957.15607367     ","서울특별시 서초구 방배동 462번지 13호","공공시설","방배2동 주민자치센터",""
"3210000","3210000-S200800093","20080901","20151202","04","취소/말소/만료/정지/중지","19","사용중지","20151202","","","","","297","","서울특별시 서초구 반포동 2번지 9호","서울특별시 서초구  신반포로15길  19 (반포동)","","신반포 아파트","20151202105955","I","2018-08-31 23:59:59.0","","","","서울특별시 서초구 반포동 2번지 9호","공공시설","신반포 아파트","20151202"
"3210000","3210000-S200800094","20080901","20190228","04","취소/말소/만료/정지/중지","19","사용중지","20190228","","","","","630","","서울특별시 서초구 반포동 1번지 1호","서울특별시 서초구 신반포로19길 10 (반포동 신반포3지구아파트)","06505","신반포 3지구@","20190313150818","U","2019-03-15 02:40:00.0","","199692.409380395    ","444953.682162516    ","서울특별시 서초구 반포동 1번지 1호","공공시설","신반포 3지구@","20190228"
"3210000","3210000-S200800095","20080901","20190228","04","취소/말소/만료/정지/중지","19","사용중지","20190228","","","","","789","","서울특별시 서초구 반포동 1번지 1호","서울특별시 서초구 신반포로19길 10 (반포동 신반포3지구아파트)","06505","신반포 3지구25동","20190313150903","U","2019-03-15 02:40:00.0","","199692.409380395    ","444953.682162516    ","서울특별시 서초구 반포동 1번지 1호","공공시설","신반포 3지구25동","20190228"
"3210000","3210000-S200800096","20080901","20190228","04","취소/말소/만료/정지/중지","19","사용중지","20190228","","","","","280","","서울특별시 서초구 방배동 455번지 10호","서울특별시 서초구 방배천로 54 (방배동 서울방배경찰서)","06677","방배경찰서","20190313151305","U","2019-03-15 02:40:00.0","","198428.39578533     ","442135.231855604    ","서울특별시 서초구 방배동 455번지 10호","공공시설","방배경찰서","20190228"
"3210000","3210000-S200800097","20080901","20190228","04","취소/말소/만료/정지/중지","19","사용중지","20190228","","","","","1610","","서울특별시 서초구 반포동 12번지","서울특별시 서초구 신반포로15길 5 (반포동 신반포15차아파트)","06503","신반포15차아파트","20190313150926","U","2019-03-15 02:40:00.0","","199367.291009454    ","444618.275228343    ","서울특별시 서초구 반포동 12번지","공공시설","신반포15차아파트","20190228"
"3210000","3210000-S200800098","20080901","20190228","04","취소/말소/만료/정지/중지","19","사용중지","20190228","","","","","783","","서울특별시 서초구 반포동 1번지 1호","서울특별시 서초구 신반포로19길 10 (반포동 신반포3지구아파트)","06505","신반포 3지구 36동","20190313151000","U","2019-03-15 02:40:00.0","","199692.409380395    ","444953.682162516    ","서울특별시 서초구 반포동 1번지 1호","공공시설","신반포 3지구 36동","20190228"
"3210000","3210000-S200800099","20080901","20190228","04","취소/말소/만료/정지/중지","19","사용중지","20190228","","","","","2390","","서울특별시 서초구 반포동 1번지 8호","서울특별시 서초구 신반포로 137 (반포동 경남아파트)","06506","경남아파트","20190313151030","U","2019-03-15 02:40:00.0","","199848.409437198    ","444956.349717008    ","서울특별시 서초구 반포동 1번지 8호","공공시설","경남아파트","20190228"
"3210000","3210000-S200800100","20080901","20190228","04","취소/말소/만료/정지/중지","19","사용중지","20190228","","","","","954","","서울특별시 서초구 반포동 12번지","서울특별시 서초구 신반포로15길 5 (반포동 신반포15차아파트)","06503","신반포 15차@","20190313151054","U","2019-03-15 02:40:00.0","","199367.291009454    ","444618.275228343    ","서울특별시 서초구 반포동 12번지","공공시설","신반포 15차@","20190228"
"3210000","3210000-S200800101","20080901","","01","영업/정상","18","사용중","","","","","","13939","","서울특별시 동작구 사당동 1129번지","서울특별시 동작구 남부순환로 지하 2089 (사당동 사당역(2호선))","07025","사당역 2호선","20211014172457","U","2021-10-16 02:40:00.0","","197839.678764919    ","441582.949309562    ","서울특별시 동작구 사당동 1129번지","공공시설","사당역 2호선",""
"3210000","3210000-S200800102","20080901","20190228","04","취소/말소/만료/정지/중지","19","사용중지","20190228","","","","","917","","서울특별시 서초구 반포동 1번지 8호","서울특별시 서초구 신반포로 137 (반포동 경남아파트)","06506","경남아파트 6동","20190313151121","U","2019-03-15 02:40:00.0","","199848.409437198    ","444956.349717008    ","서울특별시 서초구 반포동 1번지 8호","공공시설","경남아파트 6동","20190228"
"3210000","3210000-S200800103","20080901","20190228","04","취소/말소/만료/정지/중지","19","사용중지","20190228","","","","","548","","서울특별시 서초구 반포동 1번지 8호","서울특별시 서초구 신반포로 137 (반포동 경남아파트)","06506","경남아파트 9동","20190313151141","U","2019-03-15 02:40:00.0","","199848.409437198    ","444956.349717008    ","서울특별시 서초구 반포동 1번지 8호","공공시설","경남아파트 9동","20190228"
"3210000","3210000-S200800104","20080901","","01","영업/정상","18","사용중","","","","","","9875","","서울특별시 서초구 반포동 10번지","서울특별시 서초구 신반포로15길 4 (반포동 반포푸르지오아파트)","06504","반포 푸르지오아파트","20211014132407","U","2021-10-16 02:40:00.0","","199616.729723265    ","444630.46228587     ","서울특별시 서초구 반포동 10번지","공공시설","반포 푸르지오아파트",""
"3210000","3210000-S200800105","20080901","20190228","04","취소/말소/만료/정지/중지","19","사용중지","20190228","","","","","496","","서울특별시 서초구 반포동 1번지 8호","서울특별시 서초구 신반포로 137 (반포동 경남아파트)","06506","경남상가","20190313151208","U","2019-03-15 02:40:00.0","","199848.409437198    ","444956.349717008    ","서울특별시 서초구 반포동 1번지 8호","공공시설","경남상가","20190228"
"3210000","3210000-S200800106","20080901","","01","영업/정상","18","사용중","","","","","","2480","","서울특별시 서초구 방배동 957번지 7호","서울특별시 서초구 도구로 73 (방배동 대성아파트)","06678","대성유니드아파트","20211014172512","U","2021-10-16 02:40:00.0","","198761.01075453     ","442312.472339204    ","서울특별시 서초구 방배동 957번지 7호","공공시설","대성유니드아파트",""
"3210000","3210000-S200800107","20080901","","01","영업/정상","18","사용중","","","","","","2600","","서울특별시 서초구 방배동 446번지 2호","서울특별시 서초구 방배천로2길 12 (방배동)","06693","사조빌딩","20211014172526","U","2021-10-16 02:40:00.0","","198478.53754999     ","441630.724841844    ","서울특별시 서초구 방배동 446번지 2호","공공시설","사조빌딩",""
"3210000","3210000-S200800108","20080901","20161230","04","취소/말소/만료/정지/중지","19","사용중지","20161230","","","","","2500","","서울특별시 서초구 잠원동 75번지 10호","서울특별시 서초구 신반포로 157 (잠원동 반포쇼핑타운)","06512","반포쇼핑타운1동","20170117095442","I","2018-08-31 23:59:59.0","","200039.021341023    ","444810.196873629    ","서울특별시 서초구 잠원동 75번지 10호","공공시설","반포쇼핑타운1동","20161230"
"3210000","3210000-S200800109","20080901","","01","영업/정상","18","사용중","","","","","","5358","","서울특별시 서초구 방배동 444번지 3호","서울특별시 서초구 방배천로 11 (방배동 SK리더스뷰)","06693","방배에스케이리더스뷰파스텔","20211014172540","U","2021-10-16 02:40:00.0","","198359.032400861    ","441722.618095083    ","서울특별시 서초구 방배동 444번지 3호","공공시설","방배에스케이리더스뷰파스텔",""
"3210000","3210000-S200800110","20080901","20161230","04","취소/말소/만료/정지/중지","19","사용중지","20161230","","","","","8500","","서울특별시 서초구 잠원동 75번지 13호","서울특별시 서초구 신반포로 165 (잠원동 반포쇼핑타운)","06512","반포쇼핑타운2동","20170117095852","I","2018-08-31 23:59:59.0","","200101.113207955    ","444828.436476507    ","서울특별시 서초구 잠원동 75번지 13호","공공시설","반포쇼핑타운2동","20161230"
"3210000","3210000-S200800111","20080901","20161230","04","취소/말소/만료/정지/중지","19","사용중지","20161230","","","","","8500","","서울특별시 서초구 잠원동 75번지 19호","서울특별시 서초구 신반포로 177 (잠원동 반포쇼핑타운)","06512","반포쇼핑타운3동","20170117095915","I","2018-08-31 23:59:59.0","","200257.080193185    ","444878.428106997    ","서울특별시 서초구 잠원동 75번지 19호","공공시설","반포쇼핑타운3동","20161230"
"3210000","3210000-S200800112","20080901","","01","영업/정상","18","사용중","","","","","","4361","","서울특별시 서초구 방배동 3250번지","서울특별시 서초구 방배천로 91 (방배동 구산타워)","06675","구산타워","20211014172552","U","2021-10-16 02:40:00.0","","198399.608674928    ","442515.768041937    ","서울특별시 서초구 방배동 3250번지","공공시설","구산타워",""
"3210000","3210000-S200800113","20080901","","01","영업/정상","18","사용중","","","","","","4500","","서울특별시 서초구 반포동 19번지 11호","서울특별시 서초구 신반포로 지하 188 (반포동)","06545","고속터미널역 9호선","20211018132453","U","2021-10-20 02:40:00.0","","200361.368180707    ","444737.116217031    ","서울특별시 서초구 반포동 19번지 11호","공공시설","고속터미널역 9호선",""
"3210000","3210000-S200800114","20080901","20170907","04","취소/말소/만료/정지/중지","19","사용중지","20170907","","","","","3100","","서울특별시 서초구 방배동 443번지 5호","서울특별시 서초구 동작대로 22 (방배동 삼미빌딩)","06692","삼미빌딩","20170908094649","I","2018-08-31 23:59:59.0","","198349.158592224    ","441806.510983821    ","서울특별시 서초구 방배동 443번지 5호","공공시설","삼미빌딩","20170907"
"3210000","3210000-S200800115","20080901","20161230","04","취소/말소/만료/정지/중지","19","사용중지","20161230","","","","","5500","","서울특별시 서초구 잠원동 70번지 2호","서울특별시 서초구 잠원로 51 (잠원동 뉴코아백화점)","06511","뉴코아쇼핑","20170117095945","I","2018-08-31 23:59:59.0","","200576.608647619    ","445241.8984183      ","서울특별시 서초구 잠원동 70번지 2호","공공시설","뉴코아쇼핑","20161230"
"3210000","3210000-S200800116","20080901","20161230","04","취소/말소/만료/정지/중지","19","사용중지","20161230","","","","","5500","","서울특별시 서초구 잠원동 70번지 1호","서울특별시 서초구 잠원로 69 (잠원동 킴스클럽)","06511","킴스크럽","20170117100020","I","2018-08-31 23:59:59.0","","200538.827495706    ","445335.667245506    ","서울특별시 서초구 잠원동 70번지 1호","공공시설","킴스크럽","20161230"
"3210000","3210000-S200800117","20080901","20161230","04","취소/말소/만료/정지/중지","19","사용중지","20161230","","","","","8500","","서울특별시 서초구 잠원동 74번지 1호","서울특별시 서초구 신반포로23길 5 (잠원동 우성아파트)","06509","우성아파트","20170117100830","I","2018-08-31 23:59:59.0","","200194.855456896    ","445018.303593287    ","서울특별시 서초구 잠원동 74번지 1호","공공시설","우성아파트","20161230"
"3210000","3210000-S200800118","20080901","20161230","04","취소/말소/만료/정지/중지","19","사용중지","20161230","","","","","4900","","서울특별시 서초구 잠원동 74번지 2호","서울특별시 서초구 신반포로 171 (잠원동 신반포6차아파트)","06509","신반포6차@(213-216동)","20170117101015","I","2018-08-31 23:59:59.0","","200071.558447154    ","444999.898058638    ","서울특별시 서초구 잠원동 74번지 2호","공공시설","신반포6차@(213-216동)","20161230"
"3210000","3210000-S200800119","20080901","","01","영업/정상","18","사용중","","","","","","12650","","서울특별시 서초구 반포동 19번지 11호","서울특별시 서초구 신반포로 지하 188 (반포동 강남고속터미널역)","06545","고속터미널역 3호선 7호선","20211014132744","U","2021-10-16 02:40:00.0","","200361.368180707    ","444737.116217031    ","서울특별시 서초구 반포동 19번지 11호","공공시설","고속터미널역 3호선 7호선",""
"3210000","3210000-S200800120","20080901","","01","영업/정상","18","사용중","","","","","","3560","","서울특별시 서초구 반포동 19번지 3호","서울특별시 서초구 신반포로 176 (반포동 센트럴시티빌딩)","06546","고속버스터미널","20211014132802","U","2021-10-16 02:40:00.0","","200250.447804795    ","444683.220506107    ","서울특별시 서초구 반포동 19번지 3호","공공시설","고속버스터미널",""
"3210000","3210000-S200800121","20080901","","01","영업/정상","18","사용중","","","","","","870","","서울특별시 서초구 반포동 산 60번지 1호 국립중앙도서관","서울특별시 서초구 반포대로 201 국립중앙도서관 (반포동)","06579","국립중앙도서관","20211014132939","U","2021-10-16 02:40:00.0","","200229.951772899    ","443909.523667116    ","서울특별시 서초구 반포동 산 60번지 1호 국립중앙도서관","공공시설","국립중앙도서관",""
"3210000","3210000-S200800122","20080901","","01","영업/정상","18","사용중","","","","","","1300","","서울특별시 서초구 반포동 520번지 3호","서울특별시 서초구 반포대로 217 (반포동 조달청빌딩)","06578","조달청","20211014132901","U","2021-10-16 02:40:00.0","","200194.426588429    ","444128.805256091    ","서울특별시 서초구 반포동 520번지 3호","공공시설","조달청",""
"3210000","3210000-S200800123","20080901","","01","영업/정상","18","사용중","","","","","","11560","","서울특별시 서초구 반포동 19번지 4호","서울특별시 서초구 신반포로 194 (반포동 강남고속버스터미널)","06545","터미널지하상가","20211014133020","U","2021-10-16 02:40:00.0","","200554.74395758     ","444811.364826199    ","서울특별시 서초구 반포동 19번지 4호","공공시설","터미널지하상가",""
"3210000","3210000-S200800124","20080901","20161230","04","취소/말소/만료/정지/중지","19","사용중지","20161230","","","","","230","","서울특별시 서초구 방배동 983번지 14호","서울특별시 서초구 방배로10길 10-20 (방배동 방배3동주민센터)","06704","방배3동 주민자치센터","20170117102041","I","2018-08-31 23:59:59.0","","199845.505766443    ","442013.04288178     ","서울특별시 서초구 방배동 983번지 14호","공공시설","방배3동 주민자치센터","20161230"
"3210000","3210000-S200800125","20080901","","01","영업/정상","18","사용중","","","","","","6850","","서울특별시 서초구 반포동 505번지","서울특별시 서초구 반포대로 222 (반포동 가톨릭대서울성모병원가톨릭대성의교정)","06591","카톨릭의과대학","20211014133035","U","2021-10-16 02:40:00.0","","200394.225955905    ","444207.694481581    ","서울특별시 서초구 반포동 505번지","공공시설","카톨릭의과대학",""
"3210000","3210000-S200800126","20080901","","01","영업/정상","18","사용중","","","","","","5800","","서울특별시 서초구 반포동 505번지","서울특별시 서초구 반포대로 222 (반포동 가톨릭대서울성모병원가톨릭대성의교정)","06591","강남성모병원","20211014133047","U","2021-10-16 02:40:00.0","","200394.225955905    ","444207.694481581    ","서울특별시 서초구 반포동 505번지","공공시설","강남성모병원",""
"3210000","3210000-S200800127","20080901","20210609","04","취소/말소/만료/정지/중지","19","사용중지","20210609","","","","","1760","","서울특별시 서초구 반포동 63번지 1호","서울특별시 서초구 사평대로 160 (반포동 쉐라톤서울팔래스강남호텔)","06578","팔레스호텔","20210609092727","U","2021-06-11 02:40:00.0","","200148.908812958    ","444359.607819267    ","서울특별시 서초구 반포동 63번지 1호","공공시설","팔레스호텔","20210609"
"3210000","3210000-S200800128","20080901","20161230","04","취소/말소/만료/정지/중지","19","사용중지","20161230","","","","","242","","서울특별시 서초구 방배동 985번지 8호","서울특별시 서초구 효령로 142 (방배동 서울남부보훈지청)","06704","남부보훈지청","20170117102125","I","2018-08-31 23:59:59.0","","199896.144159128    ","442141.80048222     ","서울특별시 서초구 방배동 985번지 8호","공공시설","남부보훈지청","20161230"
"3210000","3210000-S200800129","20080901","20160824","04","취소/말소/만료/정지/중지","19","사용중지","20160824","","","","","7550","","서울특별시 서초구 반포동 60번지 4호 미도2차아파트","서울특별시 서초구  서초중앙로29길  28 (반포동)","","미도12차아파트","20160824162144","I","2018-08-31 23:59:59.0","","","","서울특별시 서초구 반포동 60번지 4호 미도2차아파트","공공시설","미도12차아파트","20160824"
"3210000","3210000-S200800130","20080901","20160824","04","취소/말소/만료/정지/중지","19","사용중지","20160824","","","","","3950","","서울특별시 서초구 반포동 60번지 5호 미도2차아파트","서울특별시 서초구  사평대로  240 (반포동)","","미도2차@","20160824162218","I","2018-08-31 23:59:59.0","","","","서울특별시 서초구 반포동 60번지 5호 미도2차아파트","공공시설","미도2차@","20160824"
"3210000","3210000-S200800131","20080901","","01","영업/정상","18","사용중","","","","","","14728","","서울특별시 서초구 방배동 912번지 14호","서울특별시 서초구 방배로 지하 80 (방배동 방배역)","06665","방배역 2호선","20211014172630","U","2021-10-16 02:40:00.0","","199667.217857948    ","442121.198580946    ","서울특별시 서초구 방배동 912번지 14호","공공시설","방배역 2호선",""
"3210000","3210000-S200800132","20080901","20151202","04","취소/말소/만료/정지/중지","19","사용중지","20151202","","","","","2900","","서울특별시 서초구 반포동 65번지 1호","서울특별시 서초구  사평대로  142 (반포동)","","궁전@","20151202110115","I","2018-08-31 23:59:59.0","","","","서울특별시 서초구 반포동 65번지 1호","공공시설","궁전@","20151202"
"3210000","3210000-S200800133","20080901","20161230","04","취소/말소/만료/정지/중지","19","사용중지","20161230","","","","","3300","","서울특별시 서초구 반포동 70번지 1호","서울특별시 서초구 사평대로28길 31 (반포동 한신서래아파트)","06578","한신서래@","20170117101209","I","2018-08-31 23:59:59.0","","200008.448105672    ","444099.363020068    ","서울특별시 서초구 반포동 70번지 1호","공공시설","한신서래@","20161230"
"3210000","3210000-S200800134","20080901","","01","영업/정상","18","사용중","","","","","","334","","서울특별시 서초구 방배동 774번지 9호","서울특별시 서초구 동광로19길 38 (방배동 방배본동주민센터)","06557","방배본동 주민자치센터","20211014133152","U","2021-10-16 02:40:00.0","","198942.287524414    ","443548.711479825    ","서울특별시 서초구 방배동 774번지 9호","공공시설","방배본동 주민자치센터",""
"3210000","3210000-S200800136","20080901","","01","영업/정상","18","사용중","","","","","","4659","","서울특별시 서초구 방배동 2233번지","서울특별시 서초구 방배중앙로21길 55 (방배동 방배3차현대홈타운)","06560","방배3차현대홈타운","20211014133209","U","2021-10-16 02:40:00.0","","198490.751641835    ","443253.55681268     ","서울특별시 서초구 방배동 2233번지","공공시설","방배3차현대홈타운",""
"3210000","3210000-S200800137","20080901","","01","영업/정상","18","사용중","","","","","","5100","","서울특별시 서초구 방배동 797번지 30호","서울특별시 서초구 동광로 89-5 (방배동 방배3차이편한세상)","06584","방배3차 이편한세상아파트","20211014133227","U","2021-10-16 02:40:00.0","","199200.437458001    ","443567.295761349    ","서울특별시 서초구 방배동 797번지 30호","공공시설","방배3차 이편한세상아파트",""
"3210000","3210000-S200800139","20080901","","01","영업/정상","18","사용중","","","","","","5150","","서울특별시 서초구 방배동 752번지 36호","서울특별시 서초구 방배중앙로 207-10 (방배동 아크로리버)","06551","방배 아크로리버아파트","20211014133240","U","2021-10-16 02:40:00.0","","198563.408140308    ","443952.664143167    ","서울특별시 서초구 방배동 752번지 36호","공공시설","방배 아크로리버아파트",""
"3210000","3210000-S200800140","20080101","","01","영업/정상","18","사용중","","","","","","5946","","서울특별시 서초구 방배동 754번지 1호","서울특별시 서초구 동광로1길 112 (방배동 롯데캐슬헤론)","06551","롯데캐슬헤론아파트","20211014133252","U","2021-10-16 02:40:00.0","","198542.487418582    ","443859.359648325    ","서울특별시 서초구 방배동 754번지 1호","공공시설","롯데캐슬헤론아파트",""
"3210000","3210000-S200800141","20080901","","01","영업/정상","18","사용중","","","","","","2240","","서울특별시 서초구 방배동 3277번지","서울특별시 서초구 동광로3길 18 (방배동 방배아이파크)","06560","방배아이파크아파트","20211014133306","U","2021-10-16 02:40:00.0","","198589.402656993    ","443267.172655012    ","서울특별시 서초구 방배동 3277번지","공공시설","방배아이파크아파트",""
"3210000","3210000-S200800142","20080901","20160824","04","취소/말소/만료/정지/중지","19","사용중지","20160824","","","","","6125","","서울특별시 서초구 방배동 1015번지 임광아파트","서울특별시 서초구  방배로  14 (방배동)","","임광@1.2차","20160824163204","I","2018-08-31 23:59:59.0","","","","서울특별시 서초구 방배동 1015번지 임광아파트","공공시설","임광@1.2차","20160824"
"3210000","3210000-S200800143","20080901","","01","영업/정상","18","사용중","","","","","","10231","","서울특별시 서초구 방배동 3275번지","서울특별시 서초구 방배로 278 (방배동 동부센트레빌아파트)","06574","동부센트레빌아파트","20211014133321","U","2021-10-16 02:40:00.0","","198874.008480397    ","443935.322031072    ","서울특별시 서초구 방배동 3275번지","공공시설","동부센트레빌아파트",""
"3210000","3210000-S200800144","20080901","","01","영업/정상","18","사용중","","","","","","4171","","서울특별시 서초구 방배동 776번지 3호","서울특별시 서초구 방배로37길 26-9 (방배동 쌍용예가클래식)","06557","쌍용예가클래식","20211014133335","U","2021-10-16 02:40:00.0","","198834.886911989    ","443489.984473515    ","서울특별시 서초구 방배동 776번지 3호","공공시설","쌍용예가클래식",""
"3210000","3210000-S200800145","20080901","","01","영업/정상","18","사용중","","","","","","3498","","서울특별시 서초구 방배동 1011번지 1호","서울특별시 서초구 방배로2길 24-6 (방배동 임광아파트)","06715","임광3차아파트","20211014172646","U","2021-10-16 02:40:00.0","","200126.734261248    ","441516.044778433    ","서울특별시 서초구 방배동 1011번지 1호","공공시설","임광3차아파트",""
"3210000","3210000-S200800146","20080901","20191216","04","취소/말소/만료/정지/중지","19","사용중지","20191216","","","","","6980","","서울특별시 서초구 방배동 1018번지 1호","서울특별시 서초구 효령로34길 79 (방배동 삼익아파트)","06705","삼익아파트","20191216103338","U","2019-12-18 02:40:00.0","","200070.821284168    ","441854.339667311    ","서울특별시 서초구 방배동 1018번지 1호","공공시설","삼익아파트","20191216"
"3210000","3210000-S200800147","20080901","","01","영업/정상","18","사용중","","","","","","12500","","서울특별시 서초구 방배동 1008번지 2호","서울특별시 서초구 남부순환로 2311-12 (방배동 래미안방배아트힐)","06714","래미안방배아트힐아파트","20211014172703","U","2021-10-16 02:40:00.0","","200382.677670522    ","441721.278243893    ","서울특별시 서초구 방배동 1008번지 2호","공공시설","래미안방배아트힐아파트",""
"3210000","3210000-S200800148","20080901","20151202","04","취소/말소/만료/정지/중지","19","사용중지","20151202","","","","","366","","서울특별시 서초구 방배동 853번지 4호","서울특별시 서초구  방배로27길  13 (방배동)","","주민자치센터","20151202110223","I","2018-08-31 23:59:59.0","","","","서울특별시 서초구 방배동 853번지 4호","공공시설","주민자치센터","20151202"
"3210000","3210000-S200800149","20080901","20150409","04","취소/말소/만료/정지/중지","19","사용중지","20150409","","","","","228","","서울특별시 서초구 방배동 874번지 4호","서울특별시 서초구  방배로  163 (방배동)","","반포세무서","20151109085853","I","2018-08-31 23:59:59.0","","","","서울특별시 서초구 방배동 874번지 4호","공공시설","반포세무서","20150409"
"3210000","3210000-S200800150","20080901","","01","영업/정상","18","사용중","","","","","","7524","","서울특별시 서초구 방배동 852번지 14호","서울특별시 서초구 방배로 173 (방배동 방배열린문화센터(방배4동주민센터))","06572","방배열린문화센터","20211014172724","U","2021-10-16 02:40:00.0","","199250.378045845    ","442973.400332687    ","서울특별시 서초구 방배동 852번지 14호","공공시설","방배열린문화센터",""
"3210000","3210000-S200800151","20080901","","01","영업/정상","18","사용중","","","","","","5769","","서울특별시 서초구 방배동 816번지 1호","서울특별시 서초구 방배로33길 29 (방배동 방배한신트리플)","06562","방배한신트리플","20211014172739","U","2021-10-16 02:40:00.0","","198984.364832071    ","443229.835878514    ","서울특별시 서초구 방배동 816번지 1호","공공시설","방배한신트리플",""
"3210000","3210000-S200800152","20080901","","01","영업/정상","18","사용중","","","","","","5395","","서울특별시 서초구 방배동 866번지 20호","서울특별시 서초구 서초대로 17 (방배동 방배대우디오빌)","06569","대우디오빌아파트","20211014172751","U","2021-10-16 02:40:00.0","","198532.940717328    ","442650.053868097    ","서울특별시 서초구 방배동 866번지 20호","공공시설","대우디오빌아파트",""
"3210000","3210000-S200800153","20080901","","01","영업/정상","18","사용중","","","","","","5398","","서울특별시 서초구 방배동 774번지 19호","서울특별시 서초구 방배로 239 (방배동 현대멤피스아파트)","06557","현대멤피스아파트","20211014133348","U","2021-10-16 02:40:00.0","","198953.120618165    ","443561.849952913    ","서울특별시 서초구 방배동 774번지 19호","공공시설","현대멤피스아파트",""
"3210000","3210000-S200800154","20080901","","01","영업/정상","18","사용중","","","","","","6772","","서울특별시 서초구 방배동 3276번지","서울특별시 서초구 서초대로1길 2 (방배동 방배한진로즈힐아파트)","06568","방배한진로즈힐아파트","20211014172806","U","2021-10-16 02:40:00.0","","198469.14427566     ","442736.776596647    ","서울특별시 서초구 방배동 3276번지","공공시설","방배한진로즈힐아파트",""
"3210000","3210000-S200800155","20080901","","01","영업/정상","18","사용중","","","","","","829","","서울특별시 서초구 방배동 1669번지","서울특별시 서초구 동작대로 120 (방배동 성산빌딩)","06568","성산빌딩","20211014172823","U","2021-10-16 02:40:00.0","","198409.59135773     ","442782.267523805    ","서울특별시 서초구 방배동 1669번지","공공시설","성산빌딩",""
"3210000","3210000-S200800156","20080901","","01","영업/정상","18","사용중","","","","","","5353","","서울특별시 서초구 방배동 1344번지","서울특별시 서초구 서초대로1길 30 (방배동 방배1차현대아파트)","06567","방배1차현대아파트","20211014172836","U","2021-10-16 02:40:00.0","","198506.458385404    ","442915.881978231    ","서울특별시 서초구 방배동 1344번지","공공시설","방배1차현대아파트",""
"3210000","3210000-S200800157","20080901","","01","영업/정상","18","사용중","","","","","","6862","","서울특별시 서초구 방배동 2001번지","서울특별시 서초구 서초대로1길 34 (방배동 방배2차현대홈타운)","06566","방배2차현대홈타운아파트","20211014172852","U","2021-10-16 02:40:00.0","","198508.845877793    ","443105.2174204      ","서울특별시 서초구 방배동 2001번지","공공시설","방배2차현대홈타운아파트",""
"3210000","3210000-S200800158","20080930","","01","영업/정상","18","사용중","","","","","","8027","","서울특별시 서초구 방배동 3001번지 2호","서울특별시 서초구 서초대로 3-4 (방배동 방배디오슈페리움1)","06568","방배디오슈페리움1차아파트","20211014172905","U","2021-10-16 02:40:00.0","","198432.354182494    ","442643.16392201     ","서울특별시 서초구 방배동 3001번지 2호","공공시설","방배디오슈페리움1차아파트",""
"3210000","3210000-S200800159","20080930","","01","영업/정상","18","사용중","","","","","","530","","서울특별시 서초구 우면동 68번지 2호","서울특별시 서초구 바우뫼로 41 (우면동 양재1동우면주민센터)","06762","양재1동 주민자치센터","20211014172938","U","2021-10-16 02:40:00.0","","202293.104438969    ","441051.627579483    ","서울특별시 서초구 우면동 68번지 2호","공공시설","양재1동 주민자치센터",""
"3210000","3210000-S200800160","20080901","","01","영업/정상","18","사용중","","","","","","1375","","서울특별시 서초구 양재동 25번지","서울특별시 서초구 강남대로 201 (양재동 서초구민회관)","06749","서초문화예술회관","20211014172959","U","2021-10-16 02:40:00.0","","203098.931558332    ","442167.033554578    ","서울특별시 서초구 양재동 25번지","공공시설","서초문화예술회관",""
"3210000","3210000-S200800161","20080901","","01","영업/정상","18","사용중","","","","","","7450","","서울특별시 서초구 서초동 1366번지 9호","서울특별시 서초구 남부순환로 지하 2585 (서초동 양재역)","06735","양재역 3호선 신분당선","20211014173016","U","2021-10-16 02:40:00.0","","202882.878990174    ","442509.972957846    ","서울특별시 서초구 서초동 1366번지 9호","공공시설","양재역 3호선 신분당선",""
"3210000","3210000-S200800162","20080901","","01","영업/정상","18","사용중","","","","","","3553","","서울특별시 서초구 우면동 142번지","서울특별시 서초구 태봉로 114 (우면동 한국교원단체총연합회)","06764","교총회관","20211014173028","U","2021-10-16 02:40:00.0","","202470.04359823     ","440387.38641804     ","서울특별시 서초구 우면동 142번지","공공시설","교총회관",""
"3210000","3210000-S200800163","20080901","20160824","04","취소/말소/만료/정지/중지","19","사용중지","20160824","","","","","2550","","서울특별시 서초구 우면동 16번지","서울특별시 서초구  바우뫼로  38 (우면동)","","LG 전자기술원","20160824163429","I","2018-08-31 23:59:59.0","","","","서울특별시 서초구 우면동 16번지","공공시설","LG 전자기술원","20160824"
"3210000","3210000-S200800164","20080901","","01","영업/정상","18","사용중","","","","","","3281","","서울특별시 서초구 우면동 57번지","서울특별시 서초구 바우뫼로7길 51 (우면동 대림아파트)","06762","우면대림아파트","20211014173042","U","2021-10-16 02:40:00.0","","201965.492302676    ","441184.231697986    ","서울특별시 서초구 우면동 57번지","공공시설","우면대림아파트",""
"3210000","3210000-S200800165","20080901","","01","영업/정상","18","사용중","","","","","","4740","","서울특별시 서초구 우면동 70번지","서울특별시 서초구 바우뫼로 53 (우면동 코오롱아파트)","06762","우면코오롱아파트","20211014173054","U","2021-10-16 02:40:00.0","","202376.71465204     ","441157.646670749    ","서울특별시 서초구 우면동 70번지","공공시설","우면코오롱아파트",""
"3210000","3210000-S200800166","20080901","","01","영업/정상","18","사용중","","","","","","4939","","서울특별시 서초구 우면동 67번지","서울특별시 서초구 바우뫼로 33 (우면동 한라아파트)","06762","우면한라아파트","20211014173108","U","2021-10-16 02:40:00.0","","202220.497179469    ","441039.412938989    ","서울특별시 서초구 우면동 67번지","공공시설","우면한라아파트",""
"3210000","3210000-S200800167","20080901","20131101","04","취소/말소/만료/정지/중지","19","사용중지","20131101","","","","","295","","서울특별시 서초구 양재동 323번지","서울특별시 서초구  강남대로12길  50 (양재동)","","주민자치센터","20131213195146","I","2018-08-31 23:59:59.0","","","","서울특별시 서초구 양재동 323번지","공공시설","주민자치센터","20131101"
"3210000","3210000-S200800168","20110101","","01","영업/정상","18","사용중","","","","","","4073","","서울특별시 서초구 양재동 370번지 5호","서울특별시 서초구 강남대로8길 77 (양재동 동산마을구립주차장)","06785","동산구립주차장","20211015113031","U","2021-10-17 02:40:00.0","","203849.852632304    ","440880.177376621    ","서울특별시 서초구 양재동 370번지 5호","공공시설","동산구립주차장",""
"3210000","3210000-S200800169","20080901","","01","영업/정상","18","사용중","","","","","","4082","","서울특별시 서초구 양재동 214번지","서울특별시 서초구 매헌로 24 (양재동 농협전산정보)","06771","농협전산정보","20211015113101","U","2021-10-17 02:40:00.0","","203150.723261827    ","440215.751657504    ","서울특별시 서초구 양재동 214번지","공공시설","농협전산정보",""
"3210000","3210000-S200800170","20110101","","01","영업/정상","18","사용중","","","","","","2733","","서울특별시 서초구 양재동 309번지","서울특별시 서초구 동산로13길 35 (양재동 언남고등학교언남교육문화회관)","06780","언남문화체육센터","20211015113128","U","2021-10-17 02:40:00.0","","203747.849806806    ","441192.958631143    ","서울특별시 서초구 양재동 309번지","공공시설","언남문화체육센터",""
"3210000","3210000-S200800171","20120101","","01","영업/정상","18","사용중","","","","","","1375","","서울특별시 서초구 양재동 311번지 1호","서울특별시 서초구 언남길 8 (양재동 매헌초등학교)","06780","매헌초등학교","20211015113147","U","2021-10-17 02:40:00.0","","203651.985          ","440996.04           ","서울특별시 서초구 양재동 311번지 1호","공공시설","매헌초등학교",""
"3210000","3210000-S200800172","20080901","","01","영업/정상","18","사용중","","","","","","5618","","서울특별시 서초구 양재동 202번지","서울특별시 서초구 바우뫼로12길 70 (양재동 교육문화회관)","06769","더케이호텔","20211015113205","U","2021-10-17 02:40:00.0","","202833.261653939    ","440511.561175378    ","서울특별시 서초구 양재동 202번지","공공시설","더케이호텔",""
"3210000","3210000-S200800173","20080901","","01","영업/정상","18","사용중","","","","","","14241","","서울특별시 서초구 양재동 231번지","서울특별시 서초구 헌릉로 12 (양재동 현대기아자동차빌딩)","06797","현대기아자동차","20211015113225","U","2021-10-17 02:40:00.0","","203705.426304066    ","440222.152896766    ","서울특별시 서초구 양재동 231번지","공공시설","현대기아자동차",""
"3210000","3210000-S200800174","20080901","","01","영업/정상","18","사용중","","","","","","990","","서울특별시 서초구 신원동 340번지 3호","서울특별시 서초구 청계산로15길 77 (신원동 내곡열린문화센터)","06802","내곡열린문화센터","20211014173446","U","2021-10-16 02:40:00.0","","205079.520083579    ","438579.509366803    ","서울특별시 서초구 신원동 340번지 3호","공공시설","내곡열린문화센터",""
"3210000","3210000-S200800175","20080901","20151125","04","취소/말소/만료/정지/중지","19","사용중지","20151125","","","","","1400","","서울특별시 서초구 내곡동 6번지 7호","서울특별시 서초구  헌릉로  260 (내곡동)","","시립아동병원","20151125134300","I","2018-08-31 23:59:59.0","","","","서울특별시 서초구 내곡동 6번지 7호","공공시설","시립아동병원","20151125"
"3210000","3210000-S200800176","20100101","","01","영업/정상","18","사용중","","","","","","5560","","서울특별시 서초구 염곡동 300번지 6호","서울특별시 서초구 헌릉로 7 (염곡동 외국기업창업지원연구센터)","06792","코리아프라자","20211014173502","U","2021-10-16 02:40:00.0","","203817.645288426    ","440372.135898289    ","서울특별시 서초구 염곡동 300번지 6호","공공시설","코리아프라자",""
"3210000","3210000-S200800177","20080901","","01","영업/정상","18","사용중","","","","","","7121","","서울특별시 서초구 염곡동 300번지 9호","서울특별시 서초구 헌릉로 13 (염곡동 대한무역투자진흥공사(코트라))","06792","코트라","20211014173518","U","2021-10-16 02:40:00.0","","203881.968015816    ","440338.979311081    ","서울특별시 서초구 염곡동 300번지 9호","공공시설","코트라",""
"3210000","3210000-S200800178","20080901","20151125","04","취소/말소/만료/정지/중지","19","사용중지","20151125","","","","","660","","서울특별시 서초구 염곡동 300번지 4호 한국소비자원","서울특별시 서초구  양재대로  246 (염곡동)","","소비자보호원","20151125134353","I","2018-08-31 23:59:59.0","","","","서울특별시 서초구 염곡동 300번지 4호 한국소비자원","공공시설","소비자보호원","20151125"
"3210000","3210000-S200800179","20080901","","01","영업/정상","18","사용중","","","","","","500","","서울특별시 서초구 내곡동 1번지 1328호","서울특별시 서초구 헌릉로468길 21-16 (내곡동 다니엘복지원다니엘학교)","06796","다니엘학교","20211014173538","U","2021-10-16 02:40:00.0","","208072.625904312    ","439810.25559883     ","서울특별시 서초구 내곡동 1번지 1328호","공공시설","다니엘학교",""
"3210000","3210000-S200900002","20090827","","01","영업/정상","18","사용중","","","","","","5500","","서울특별시 서초구 반포동 817번지","서울특별시 서초구 신반포로 지하 17 (반포동 구반포역)","06501","구반포역 9호선","20211014132105","U","2021-10-16 02:40:00.0","","198709.424984305    ","444381.011606431    ","서울특별시 서초구 반포동 817번지","공공시설","구반포역 9호선",""
"3210000","3210000-S200900003","20090827","","01","영업/정상","18","사용중","","","","","","5500","","서울특별시 서초구 반포동 128번지 1호","서울특별시 서초구 신반포로 지하 105 (반포동 신반포역)","06504","신반포역 9호선","20211014132420","U","2021-10-16 02:40:00.0","","199651.963765033    ","444612.778032093    ","서울특별시 서초구 반포동 128번지 1호","공공시설","신반포역 9호선",""
"3210000","3210000-S200900004","20091201","","01","영업/정상","18","사용중","","","","","","15000","","서울특별시 서초구 반포동 128번지 7호","서울특별시 서초구 사평대로 지하 285 (반포동 사평역)","06544","사평역 9호선","20211014132257","U","2021-10-16 02:40:00.0","","201151.700535262    ","444687.766838226    ","서울특별시 서초구 반포동 128번지 7호","공공시설","사평역 9호선",""
"3210000","3210000-S200900005","20091201","","01","영업/정상","18","사용중","","","","","","55000","","서울특별시 서초구 반포동 20번지 43호","서울특별시 서초구 신반포로 270 (반포동 반포자이아파트)","06544","반포엘지자이아파트","20211014132314","U","2021-10-16 02:40:00.0","","201169.510931109    ","444933.012276862    ","서울특별시 서초구 반포동 20번지 43호","공공시설","반포엘지자이아파트",""
"3210000","3210000-S200900007","20091201","","01","영업/정상","18","사용중","","","","","","55000","","서울특별시 서초구 반포동 18번지 1호","서울특별시 서초구 반포대로 275 (반포동 래미안퍼스티지아파트)","06547","반포래미안아파트","20211014132432","U","2021-10-16 02:40:00.0","","199863.640575162    ","444524.211587165    ","서울특별시 서초구 반포동 18번지 1호","공공시설","반포래미안아파트",""
"3210000","3210000-S200900009","20090901","","01","영업/정상","18","사용중","","","","","","3450","","서울특별시 서초구 양재동 232번지","서울특별시 서초구 강남대로 27 (양재동 농수산물유통공사화훼공판장)","06774","AT센터","20211015113247","U","2021-10-17 02:40:00.0","","203392.793460583    ","440676.379919661    ","서울특별시 서초구 양재동 232번지","공공시설","AT센터",""
"3210000","3210000-S201000001","20101231","","01","영업/정상","18","사용중","","","","","","8322","","서울특별시 서초구 서초동 1344번지 13호","서울특별시 서초구 효령로72길 57 (서초동 서초트라팰리스)","06732","서초트라팰리스","20211015110007","U","2021-10-17 02:40:00.0","","202440.423559555    ","442736.656203986    ","서울특별시 서초구 서초동 1344번지 13호","공공시설","서초트라팰리스",""
"3210000","3210000-S201000002","20101231","","01","영업/정상","18","사용중","","","","","","4300","","서울특별시 서초구 잠원동 60번지 7호","서울특별시 서초구 잠원로4길 34-11 (잠원동 녹원한신아파트)","06522","잠원녹원한신아파트","20211014131955","U","2021-10-16 02:40:00.0","","200931.505743414    ","445540.619452802    ","서울특별시 서초구 잠원동 60번지 7호","공공시설","잠원녹원한신아파트",""
"3210000","3210000-S201300001","20130102","20151202","04","취소/말소/만료/정지/중지","19","사용중지","20151202","","","","","2650","","서울특별시 서초구 양재동 24번지","서울특별시 서초구  강남대로  213 (양재동)","","신분당선(양재역사)","20151202110536","I","2018-08-31 23:59:59.0","","","","서울특별시 서초구 양재동 24번지","공공시설","신분당선(양재역사)","20151202"
"3210000","3210000-S201300002","20130102","","01","영업/정상","18","사용중","","","","","","990","","서울특별시 서초구 양재동 25번지 3호","서울특별시 서초구 강남대로 193 (양재동 서울가정행정법원청사)","06749","서울가정행정법원","20211014173123","U","2021-10-16 02:40:00.0","","203142.0298026      ","442118.611122962    ","서울특별시 서초구 양재동 25번지 3호","공공시설","서울가정행정법원",""
"3210000","3210000-S201300003","20130102","","01","영업/정상","18","사용중","","","","","","1500","","서울특별시 서초구 양재동 233번지 2호","서울특별시 서초구 매헌로 지하 116 (양재동 양재시민의숲역(매헌역))","06774","시민의숲역 신분당선","20211015113303","U","2021-10-17 02:40:00.0","","203320.727224936    ","440866.843240761    ","서울특별시 서초구 양재동 233번지 2호","공공시설","시민의숲역 신분당선",""
"3210000","3210000-S201300004","20130102","","01","영업/정상","18","사용중","","","","","","1500","","서울특별시 서초구 신원동 270번지 25호","서울특별시 서초구 청계산로 지하 179 (신원동 청계산입구역)","06802","청계산역 신분당선","20211014173555","U","2021-10-16 02:40:00.0","","204772.923076721    ","438483.147337382    ","서울특별시 서초구 신원동 270번지 25호","공공시설","청계산역 신분당선",""
"3210000","3210000-S201500001","20151125","","01","영업/정상","18","사용중","","","","","","619","","서울특별시 서초구 서초동 1649번지 5호","서울특별시 서초구 사임당로 89 (서초동 서초1동주민센터)","06637","서초1동주민센터","20211014120912","U","2021-10-16 02:40:00.0","","201655.05716369     ","443104.303309554    ","서울특별시 서초구 서초동 1649번지 5호","공공시설","서초1동주민센터",""
"3210000","3210000-S201500002","20151125","","01","영업/정상","18","사용중","","","","","","3500","","서울특별시 서초구 서초동 1748번지 30호","서울특별시 서초구 서초중앙로 지하 31 (서초동 남부터미널역)","06718","남부터미널역 3호선","20211014120924","U","2021-10-16 02:40:00.0","","201287.950559161    ","442716.57796268     ","서울특별시 서초구 서초동 1748번지 30호","공공시설","남부터미널역 3호선",""
"3210000","3210000-S201500004","20151125","20161230","04","취소/말소/만료/정지/중지","19","사용중지","20161230","","","","","1695","","서울특별시 서초구 잠원동 74번지","서울특별시 서초구 신반포로23길 31 (잠원동 신반포14차아파트)","06509","신반포14차@","20170117100954","I","2018-08-31 23:59:59.0","","200132.464227633    ","445174.168356339    ","서울특별시 서초구 잠원동 74번지","공공시설","신반포14차@","20161230"
"3210000","3210000-S201500005","20151125","20161230","04","취소/말소/만료/정지/중지","19","사용중지","20161230","","","","","5500","","서울특별시 서초구 잠원동 65번지 32호","서울특별시 서초구 잠원로 88 (잠원동 신반포아파트)","06520","신반포722차@","20170117101054","I","2018-08-31 23:59:59.0","","200628.43767533     ","445580.594039349    ","서울특별시 서초구 잠원동 65번지 32호","공공시설","신반포722차@","20161230"
"3210000","3210000-S201500006","20151125","","01","영업/정상","18","사용중","","","","","","295","","서울특별시 서초구 양재동 323번지 1호","서울특별시 서초구 강남대로12길 44 (양재동 양재2동 주민센터)","06779","양재2동주민센터","20211015113337","U","2021-10-17 02:40:00.0","","203581.496184245    ","440942.17062306     ","서울특별시 서초구 양재동 323번지 1호","공공시설","양재2동주민센터",""
"3210000","3210000-S201600001","20160121","","01","영업/정상","18","사용중","","","","","","65000","","서울특별시 서초구 우면동 689번지","서울특별시 서초구 성촌길 33 (우면동 (주)삼성전자서울R&D캠퍼스)","06765","삼성전자서울알엔디캠퍼스1단지","20211014173137","U","2021-10-16 02:40:00.0","","201988.069805894    ","440329.694574605    ","서울특별시 서초구 우면동 689번지","공공시설","삼성전자서울알엔디캠퍼스1단지",""
"3210000","3210000-S201600002","20160121","","01","영업/정상","18","사용중","","","","","","84737","","서울특별시 서초구 우면동 678번지","서울특별시 서초구 성촌길 56 (우면동 (주)삼성전자서울R&D캠퍼스)","06765","삼성전자서울알엔디캠퍼스2단지","20211014173152","U","2021-10-16 02:40:00.0","","201955.71797629     ","440481.666297089    ","서울특별시 서초구 우면동 678번지","공공시설","삼성전자서울알엔디캠퍼스2단지",""
"3210000","3210000-S201600003","20161230","","01","영업/정상","18","사용중","","","","","","37847","","서울특별시 서초구 반포동 2번지 1호","서울특별시 서초구 신반포로15길 19 (반포동 아크로리버파크)","06503","아크로리버파크아파트","20211014132446","U","2021-10-16 02:40:00.0","","199306              ","444925              ","서울특별시 서초구 반포동 2번지 1호","공공시설","아크로리버파크아파트",""
"3210000","3210000-S201600005","20161230","","01","영업/정상","18","사용중","","","","","","2239","","서울특별시 서초구 잠원동 70번지 1호","서울특별시 서초구 잠원로 69 (잠원동 킴스클럽)","06511","킴스클럽","20211018132516","U","2021-10-20 02:40:00.0","","200538.827495706    ","445335.667245506    ","서울특별시 서초구 잠원동 70번지 1호","공공시설","킴스클럽",""
"3210000","3210000-S201600007","20161230","","01","영업/정상","18","사용중","","","","","","2492","","서울특별시 서초구 잠원동 71번지 1호","서울특별시 서초구 잠원로 85 (잠원동 블루힐하우스)","06510","블루힐하우스","20211018132535","U","2021-10-20 02:40:00.0","","200458.797087393    ","445522.194176774    ","서울특별시 서초구 잠원동 71번지 1호","공공시설","블루힐하우스",""
"3210000","3210000-S201600010","20161230","","01","영업/정상","18","사용중","","","","","","2239","","서울특별시 서초구 잠원동 71번지 12호","서울특별시 서초구 잠원로3길 6 (잠원동 킴스빌리지)","06510","킴스빌리지","20211018132559","U","2021-10-20 02:40:00.0","","200503.964523034    ","445402.322624449    ","서울특별시 서초구 잠원동 71번지 12호","공공시설","킴스빌리지",""
"3210000","3210000-S201600011","20161230","","01","영업/정상","18","사용중","","","","","","2771","","서울특별시 서초구 잠원동 157번지","서울특별시 서초구 신반포로33길 15 (잠원동 동아아파트)","06521","동아아파트","20211018132622","U","2021-10-20 02:40:00.0","","200828.122824103    ","445167.786945639    ","서울특별시 서초구 잠원동 157번지","공공시설","동아아파트",""
"3210000","3210000-S201600012","20161230","","01","영업/정상","18","사용중","","","","","","5435","","서울특별시 서초구 잠원동 70번지 2호","서울특별시 서초구 잠원로 51 (잠원동 뉴코아백화점)","06511","뉴코아백화점","20211018132648","U","2021-10-20 02:40:00.0","","200576.608647619    ","445241.8984183      ","서울특별시 서초구 잠원동 70번지 2호","공공시설","뉴코아백화점",""
"3210000","3210000-S201600014","20161230","","01","영업/정상","18","사용중","","","","","","1836","","서울특별시 서초구 잠원동 67번지 2호","서울특별시 서초구 잠원로 46-38 (잠원동 브라운스톤잠원)","06521","잠원브라운스톤","20211018132722","U","2021-10-20 02:40:00.0","","200728.320618248    ","445113.895795249    ","서울특별시 서초구 잠원동 67번지 2호","공공시설","잠원브라운스톤",""
"3210000","3210000-S201600015","20161230","","01","영업/정상","18","사용중","","","","","","4500","","서울특별시 서초구 서초동 1748번지 5호","서울특별시 서초구 서초대로 지하 233 (서초동 서초역)","06590","서초역","20211014121333","U","2021-10-16 02:40:00.0","","200865.639946097    ","443399.5211777      ","서울특별시 서초구 서초동 1748번지 5호","공공시설","서초역",""
"3210000","3210000-S201600016","20161230","","01","영업/정상","18","사용중","","","","","","4500","","서울특별시 강남구 역삼동 800번지","서울특별시 강남구 봉은사로 지하 102 (역삼동)","06123","신논현역","20211014131733","U","2021-10-16 02:40:00.0","","202760.060078829    ","444938.703012503    ","서울특별시 강남구 역삼동 800번지","공공시설","신논현역",""
"3210000","3210000-S201600017","20161230","","01","영업/정상","18","사용중","","","","","","4500","","서울특별시 서초구 방배동 874번지 16호","서울특별시 서초구 서초대로 지하 103 (방배동 내방역)","06573","내방역","20211015104202","U","2021-10-17 02:40:00.0","","199330.150272727    ","442881.166900045    ","서울특별시 서초구 방배동 874번지 16호","공공시설","내방역",""
"3210000","3210000-S201600018","20161230","","01","영업/정상","18","사용중","","","","","","4500","","서울특별시 강남구 논현동 279번지 67호","서울특별시 강남구 학동로 지하 102 (논현동 논현역)","06110","논현역","20211014132330","U","2021-10-16 02:40:00.0","","202739.437721334    ","445786.44928266     ","서울특별시 강남구 논현동 279번지 67호","공공시설","논현역",""
"3210000","3210000-S201600019","20161230","","01","영업/정상","18","사용중","","","","","","4500","","서울특별시 동작구 사당동 144번지 4호","서울특별시 동작구 사당로 지하 310 (사당동 이수역(7호선))","07013","이수역","20211014172919","U","2021-10-16 02:40:00.0","","198264.117304529    ","442553.172261019    ","서울특별시 동작구 사당동 144번지 4호","공공시설","이수역",""
"3210000","3210000-S201700001","20170403","","01","영업/정상","18","사용중","","","","","","1274","","서울특별시 서초구 반포동 74번지 7호","서울특별시 서초구 사평대로28길 70-0 (반포동 반포4동주민센터)","06577","반포4동주민센터","20211014133103","U","2021-10-16 02:40:00.0","","199957.680853034    ","443918.658141279    ","서울특별시 서초구 반포동 74번지 7호","공공시설","반포4동주민센터",""
"3210000","3210000-S201700002","20170403","","01","영업/정상","18","사용중","","","","","","1196","","서울특별시 서초구 반포동 70번지 1호","서울특별시 서초구 사평대로28길 31 (반포동 한신서래아파트)","06578","한신서래아파트","20211014133116","U","2021-10-16 02:40:00.0","","200008.448105672    ","444099.363020068    ","서울특별시 서초구 반포동 70번지 1호","공공시설","한신서래아파트",""
"3210000","3210000-S201700003","20170403","","01","영업/정상","18","사용중","","","","","","1182","","서울특별시 서초구 반포동 90번지 7호","서울특별시 서초구 서래로4길 5 (반포동 서래마을 구립주차장)","06577","서초구립서래마을공영주차장","20211014133131","U","2021-10-16 02:40:00.0","","199820.506629537    ","443882.361709833    ","서울특별시 서초구 반포동 90번지 7호","공공시설","서초구립서래마을공영주차장",""
"3210000","3210000-S201700013","20170502","","01","영업/정상","18","사용중","","","","","","2970","","서울특별시 서초구 잠원동 76번지","서울특별시 서초구 반포대로 316 (잠원동 씨티21)","06509","한신시티21","20211018132741","U","2021-10-20 02:40:00.0","","199988.339466379    ","445001.037013007    ","서울특별시 서초구 잠원동 76번지","공공시설","한신시티21",""
"3210000","3210000-S201700014","20170502","","01","영업/정상","18","사용중","","","","","","1320","","서울특별시 서초구 반포동 20번지 48호","서울특별시 서초구 사평대로 273 (반포동 반포1동 주민센터)","06544","반포1동주민센터","20211014132347","U","2021-10-16 02:40:00.0","","201113.576419331    ","444765.203464881    ","서울특별시 서초구 반포동 20번지 48호","공공시설","반포1동주민센터",""
"3210000","3210000-S201700015","20170102","","01","영업/정상","18","사용중","","","","","","7160","","서울특별시 서초구 방배동 2909번지","서울특별시 서초구 과천대로 지하 816 (방배동 남태령역)","06761","남태령역","20211014172607","U","2021-10-16 02:40:00.0","","198981.625783873    ","440245.26423989     ","서울특별시 서초구 방배동 2909번지","공공시설","남태령역",""
"3210000","3210000-S201800001","20180102","20180628","04","취소/말소/만료/정지/중지","19","사용중지","20180628","","","","","2809","","서울특별시 서초구 서초동 1355번지","서울특별시 서초구 효령로72길 60 (서초동 한전아트센터)","06732","한전아트센터","20180629103308","I","2018-08-31 23:59:59.0","","202406.470363348    ","442611.972829952    ","서울특별시 서초구 서초동 1355번지","공공시설","한전아트센터","20180628"
"3210000","3210000-S201800002","20180426","20211230","04","취소/말소/만료/정지/중지","19","사용중지","20211230","","","","","520","","서울특별시 서초구 반포동 968번지","서울특별시 서초구 신반포로 32 (반포동 반포아파트)","06548","반포본동 주공아파트 5","20220118092903","U","2022-01-20 02:40:00.0","","199155.096008022    ","444273.661462885    ","서울특별시 서초구 반포동 968번지","공공시설","반포본동 주공아파트 5","20211230"
"3210000","3210000-S201800003","20180426","20211230","04","취소/말소/만료/정지/중지","19","사용중지","20211230","","","","","520","","서울특별시 서초구 반포동 968번지","서울특별시 서초구 신반포로 32 (반포동 반포아파트)","06548","반포본동 주공아파트 7","20220118092942","U","2022-01-20 02:40:00.0","","199155.096008022    ","444273.661462885    ","서울특별시 서초구 반포동 968번지","공공시설","반포본동 주공아파트 7","20211230"
"3210000","3210000-S201800004","20180426","20211230","04","취소/말소/만료/정지/중지","19","사용중지","20211230","","","","","520","","서울특별시 서초구 반포동 968번지","서울특별시 서초구 신반포로 32 (반포동 반포아파트)","06548","반포본동 주공아파트 17","20220118092956","U","2022-01-20 02:40:00.0","","199155.096008022    ","444273.661462885    ","서울특별시 서초구 반포동 968번지","공공시설","반포본동 주공아파트 17","20211230"
"3210000","3210000-S201800005","20180426","20211230","04","취소/말소/만료/정지/중지","19","사용중지","20211230","","","","","520","","서울특별시 서초구 반포동 968번지","서울특별시 서초구 신반포로 32 (반포동 반포아파트)","06548","반포본동 주공아파트 21","20220118093010","U","2022-01-20 02:40:00.0","","199155.096008022    ","444273.661462885    ","서울특별시 서초구 반포동 968번지","공공시설","반포본동 주공아파트 21","20211230"
"3210000","3210000-S201800006","20180426","20211230","04","취소/말소/만료/정지/중지","19","사용중지","20211230","","","","","520","","서울특별시 서초구 반포동 968번지","서울특별시 서초구 신반포로 32 (반포동 반포아파트)","06548","반포본동 주공아파트 25","20220118093024","U","2022-01-20 02:40:00.0","","199155.096008022    ","444273.661462885    ","서울특별시 서초구 반포동 968번지","공공시설","반포본동 주공아파트 25","20211230"
"3210000","3210000-S201800007","20180426","20211230","04","취소/말소/만료/정지/중지","19","사용중지","20211230","","","","","520","","서울특별시 서초구 반포동 968번지","서울특별시 서초구 신반포로 32 (반포동 반포아파트)","06548","반포본동 주공아파트 29","20220118093040","U","2022-01-20 02:40:00.0","","199155.096008022    ","444273.661462885    ","서울특별시 서초구 반포동 968번지","공공시설","반포본동 주공아파트 29","20211230"
"3210000","3210000-S201800008","20180426","20211230","04","취소/말소/만료/정지/중지","19","사용중지","20211230","","","","","520","","서울특별시 서초구 반포동 968번지","서울특별시 서초구 신반포로 32 (반포동 반포아파트)","06548","반포본동 주공아파트 32","20220118093053","U","2022-01-20 02:40:00.0","","199155.096008022    ","444273.661462885    ","서울특별시 서초구 반포동 968번지","공공시설","반포본동 주공아파트 32","20211230"
"3210000","3210000-S201900001","20190228","","01","영업/정상","18","사용중","","","","","","21105","","서울특별시 서초구 반포동 16번지 6호","서울특별시 서초구 신반포로16길 15-20 (반포동 반포힐스테이트)","06549","반포힐스테이트아파트","20211014132500","U","2021-10-16 02:40:00.0","","199649.426797304    ","444331.091607552    ","서울특별시 서초구 반포동 16번지 6호","공공시설","반포힐스테이트아파트",""
"3210000","3210000-S201900002","20191202","","01","영업/정상","18","사용중","","","","","","64966","","서울특별시 서초구 내곡동 77번지","서울특별시 서초구 헌릉로8길 58 (내곡동 서초더샵포레)","06800","서초더샵포레아파트","20211014173609","U","2021-10-16 02:40:00.0","","205634.311119598    ","438769.485852873    ","서울특별시 서초구 내곡동 77번지","공공시설","서초더샵포레아파트",""
"3210000","3210000-S201900003","20191202","","01","영업/정상","18","사용중","","","","","","13352","","서울특별시 서초구 내곡동 143번지","서울특별시 서초구 헌릉로8길 45 (내곡동 서초포레스타2단지)","06800","서초포레스타 2단지아파트","20211014173623","U","2021-10-16 02:40:00.0","","205525.422778498    ","439208.962102822    ","서울특별시 서초구 내곡동 143번지","공공시설","서초포레스타 2단지아파트",""
"3210000","3210000-S201900004","20191202","","01","영업/정상","18","사용중","","","","","","28716","","서울특별시 서초구 신원동 374번지","서울특별시 서초구 청계산로7길 43 (신원동 서초포레스타5단지)","06798","서초포레스타 5단지아파트","20211014173635","U","2021-10-16 02:40:00.0","","204921.170288976    ","438918.090853339    ","서울특별시 서초구 신원동 374번지","공공시설","서초포레스타 5단지아파트",""
"3210000","3210000-S201900005","20191202","","01","영업/정상","18","사용중","","","","","","23172","","서울특별시 서초구 신원동 285번지","서울특별시 서초구 청계산로9길 1-12 (신원동 서초포레스타6단지)","06802","서초포레스타 6단지아파트","20211014173647","U","2021-10-16 02:40:00.0","","204819.172335192    ","438685.126668674    ","서울특별시 서초구 신원동 285번지","공공시설","서초포레스타 6단지아파트",""
"3210000","3210000-S201900006","20191202","","01","영업/정상","18","사용중","","","","","","14079","","서울특별시 서초구 신원동 266번지","서울특별시 서초구 청계산로11길 7-12 (신원동 서초포레스타7단지)","06802","서초포레스타 7단지아파트","20211014173701","U","2021-10-16 02:40:00.0","","204999.751243915    ","438521.810569305    ","서울특별시 서초구 신원동 266번지","공공시설","서초포레스타 7단지아파트",""